mid,team,date,event_onset_s,event_class,depth,init_primary,init_floor,init_question,leader,leader_primary,leader_floor,leader_question,week
2024.10.14startup_a,startup_a,20241014,210.0,TRANSITION,15.905089897449706,S2,S3,,S2,1,0,,0
2024.10.14startup_a,startup_a,20241014,271.0,INTERIOR_OTHER,12.172085756320833,S2,S2,,S2,1,1,,0
2024.10.14startup_a,startup_a,20241014,318.0,INTERIOR_HANDOFF,15.559587296243784,S2,S1,S2,S2,1,0,1.0,0
2024.10.14startup_a,startup_a,20241014,359.0,INTERIOR_HANDOFF,6.693081724516794,S4,S2,S4,S2,0,1,0.0,0
2024.10.14startup_a,startup_a,20241014,441.0,TRANSITION,-2.1325661322745972,S2,S2,,S2,1,1,,0
2024.10.14startup_a,startup_a,20241014,553.0,INTERIOR_HANDOFF,1.7550293134570651,S2,S1,S1,S2,1,0,0.0,0
2024.10.14startup_a,startup_a,20241014,609.0,INTERIOR_OTHER,1.338919707889012,S2,S2,S2,S2,1,1,1.0,0
2024.10.14startup_a,startup_a,20241014,927.0,INTERIOR_OTHER,-7.599254386443803,S2,S2,,S2,1,1,,0
2024.10.14startup_a,startup_a,20241014,966.0,TRANSITION,14.672003062789763,S2,S4,S3,S2,1,0,0.0,0
2024.10.14startup_a,startup_a,20241014,1029.0,TRANSITION,6.229175574327478,S2,S4,,S2,1,0,,0
2024.10.14startup_a,startup_a,20241014,1413.0,TRANSITION,15.263772059848456,S4,S2,S2,S2,0,1,1.0,0
2024.10.14startup_a,startup_a,20241014,1744.0,INTERIOR_OTHER,2.260994296043897,S3,S3,,S2,0,0,,0
2024.10.14startup_a,startup_a,20241014,1900.0,INTERIOR_OTHER,14.504291918315182,S3,S2,S2,S2,0,1,1.0,0
2024.10.14startup_a,startup_a,20241014,1963.0,TRANSITION,-19.00705659992571,S2,S2,,S2,1,1,,0
2024.10.14startup_a,startup_a,20241014,2052.0,INTERIOR_OTHER,0.7536393343806722,S2,S3,S2,S2,1,0,1.0,0
2024.10.14startup_a,startup_a,20241014,2126.0,INTERIOR_OTHER,-14.353211875023991,S2,S2,,S2,1,1,,0
2024.10.14startup_a,startup_a,20241014,2203.0,TRANSITION,21.035320567340925,S1,S2,S2,S2,0,1,1.0,0
2024.10.14startup_a,startup_a,20241014,2436.0,INTERIOR_OTHER,10.261239775155126,S4,S2,S2,S2,0,1,1.0,0
2024.10.14startup_a,startup_a,20241014,2487.0,INTERIOR_HANDOFF,16.16889847437573,S2,S4,,S2,1,0,,0
2024.10.14startup_a,startup_a,20241014,2777.0,INTERIOR_OTHER,-8.837945352865962,S2,S2,,S2,1,1,,0
2024.10.14startup_a,startup_a,20241014,2829.0,INTERIOR_OTHER,2.666226891531956,S2,S2,S2,S2,1,1,1.0,0
2024.10.14startup_a,startup_a,20241014,2931.0,INTERIOR_OTHER,8.78795594284231,S2,S4,S2,S2,1,0,1.0,0
2024.10.14startup_a,startup_a,20241014,3656.0,INTERIOR_HANDOFF,-0.9121666504205947,S2,S3,S2,S2,1,0,1.0,0
2024.10.14startup_a,startup_a,20241014,3713.0,INTERIOR_OTHER,0.6363400056222801,S2,S2,S2,S2,1,1,1.0,0
2024.10.14startup_a,startup_a,20241014,3808.0,TRANSITION,22.7321926809217,S4,S2,,S2,0,1,,0
2024.10.14startup_a,startup_a,20241014,4002.0,INTERIOR_OTHER,2.301625711109871,S2,S2,,S2,1,1,,0
2024.10.14startup_a,startup_a,20241014,4275.0,TRANSITION,1.6899569437905555,S1,S2,S2,S2,0,1,1.0,0
2024.10.14startup_a,startup_a,20241014,4434.0,TRANSITION,17.003652650087602,S4,S3,,S2,0,0,,0
2024.10.14startup_a,startup_a,20241014,5147.0,INTERIOR_HANDOFF,4.436548204556253,S2,S1,S1,S2,1,0,0.0,0
2024.10.25startup_a,startup_a,20241025,389.0,TRANSITION,2.0704863127037783,S1,S2,S1,S2,0,1,0.0,1
2024.10.25startup_a,startup_a,20241025,1435.0,TRANSITION,8.7773573961096,S4,S4,S4,S2,0,0,0.0,1
2024.10.25startup_a,startup_a,20241025,1474.0,INTERIOR_OTHER,6.454768610020054,S4,S4,S1,S2,0,0,0.0,1
2024.10.25startup_a,startup_a,20241025,1584.0,INTERIOR_OTHER,16.98217551736238,S1,S4,S4,S2,0,0,0.0,1
2024.10.25startup_a,startup_a,20241025,2434.0,INTERIOR_HANDOFF,20.055498049259683,S1,S4,S1,S2,0,0,0.0,1
2024.10.25startup_a,startup_a,20241025,2484.0,INTERIOR_HANDOFF,33.360216920995555,S1,S1,S1,S2,0,0,0.0,1
2024.10.25startup_a,startup_a,20241025,2536.0,TRANSITION,29.248578918136978,S2,S2,S3,S2,1,1,0.0,1
2024.10.25startup_a,startup_a,20241025,2596.0,TRANSITION,22.844371767903482,S3,S1,S1,S2,0,0,0.0,1
2024.10.25startup_a,startup_a,20241025,2928.0,INTERIOR_OTHER,2.8639356524593893,S1,S1,S1,S2,0,0,0.0,1
2024.10.25startup_a,startup_a,20241025,3106.0,TRANSITION,24.60065903710626,S1,S3,S1,S2,0,0,0.0,1
2024.10.25startup_a,startup_a,20241025,3162.0,INTERIOR_OTHER,-3.9349767521496837,S2,S2,,S2,1,1,,1
2024.10.25startup_a,startup_a,20241025,3204.0,INTERIOR_HANDOFF,18.614117774882715,S1,S4,S1,S2,0,0,0.0,1
2024.10.25startup_a,startup_a,20241025,4383.0,INTERIOR_OTHER,13.462894688583354,S3,S1,,S2,0,0,,1
2024.10.25startup_a,startup_a,20241025,4498.0,INTERIOR_HANDOFF,9.758801528464552,S2,S2,,S2,1,1,,1
2024.10.25startup_a,startup_a,20241025,4663.0,INTERIOR_OTHER,7.072120989013882,S1,S1,,S2,0,0,,1
2024.10.25startup_a,startup_a,20241025,4688.0,INTERIOR_OTHER,19.180719297579927,S2,S1,S1,S2,1,0,0.0,1
2024.10.25startup_a,startup_a,20241025,4839.0,TRANSITION,3.3504606556904406,S1,S1,S1,S2,0,0,0.0,1
2024.10.25startup_a,startup_a,20241025,4905.0,INTERIOR_OTHER,-1.8053527903633153,S2,S1,S3,S2,1,0,0.0,1
2024.10.25startup_a,startup_a,20241025,5039.0,INTERIOR_HANDOFF,20.929405145896652,S3,S1,,S2,0,0,,1
2024.10.25startup_a,startup_a,20241025,5061.0,TRANSITION,15.772247394083536,S1,S1,,S2,0,0,,1
2024.10.25startup_a,startup_a,20241025,5180.0,INTERIOR_HANDOFF,30.9029012370258,S1,S1,S4,S2,0,0,0.0,1
2024.11.04startup_a,startup_a,20241104,118.0,INTERIOR_OTHER,-2.3676044653889505,S1,S2,,S2,0,1,,2
2024.11.04startup_a,startup_a,20241104,170.0,TRANSITION,10.417184619652751,S3,S1,S3,S2,0,0,0.0,2
2024.11.04startup_a,startup_a,20241104,283.0,INTERIOR_OTHER,20.17157457677235,S1,S1,S1,S2,0,0,0.0,2
2024.11.04startup_a,startup_a,20241104,315.0,INTERIOR_HANDOFF,11.895809626533946,S1,S3,S1,S2,0,0,0.0,2
2024.11.04startup_a,startup_a,20241104,345.0,TRANSITION,24.233457324571745,S3,S1,,S2,0,0,,2
2024.11.04startup_a,startup_a,20241104,364.0,TRANSITION,15.95735586604836,S1,S1,S4,S2,0,0,0.0,2
2024.11.04startup_a,startup_a,20241104,620.0,INTERIOR_HANDOFF,3.897088616340369,S1,S3,S1,S2,0,0,0.0,2
2024.11.04startup_a,startup_a,20241104,678.0,TRANSITION,15.916419770932691,S3,S3,,S2,0,0,,2
2024.11.04startup_a,startup_a,20241104,1106.0,INTERIOR_OTHER,6.655398086610525,S4,S4,S4,S2,0,0,0.0,2
2024.11.04startup_a,startup_a,20241104,1913.0,TRANSITION,19.354291317277458,S3,S3,,S2,0,0,,2
2024.11.04startup_a,startup_a,20241104,2206.0,TRANSITION,24.70906320552819,S3,S3,,S2,0,0,,2
2024.11.04startup_a,startup_a,20241104,2236.0,TRANSITION,38.62144964053215,S3,S3,S3,S2,0,0,0.0,2
2024.11.04startup_a,startup_a,20241104,2281.0,INTERIOR_OTHER,24.723449196905392,S1,S4,S1,S2,0,0,0.0,2
2024.11.04startup_a,startup_a,20241104,2343.0,TRANSITION,22.01660371146673,S1,S4,S1,S2,0,0,0.0,2
2024.11.04startup_a,startup_a,20241104,2541.0,INTERIOR_OTHER,-3.411010359700157,S3,S4,,S2,0,0,,2
2024.11.04startup_a,startup_a,20241104,2577.0,TRANSITION,22.716128682722612,S4,S4,S3,S2,0,0,0.0,2
2024.11.04startup_a,startup_a,20241104,2894.0,TRANSITION,15.736747787734295,S2,S1,S3,S2,1,0,0.0,2
2024.11.04startup_a,startup_a,20241104,3169.0,INTERIOR_HANDOFF,-1.228882981348221,S1,S1,S1,S2,0,0,0.0,2
2024.11.04startup_a,startup_a,20241104,3325.0,INTERIOR_HANDOFF,5.850450163916506,S3,S3,S3,S2,0,0,0.0,2
2024.11.04startup_a,startup_a,20241104,3401.0,INTERIOR_OTHER,4.821239389452032,S3,S1,S1,S2,0,0,0.0,2
2024.11.04startup_a,startup_a,20241104,3415.0,INTERIOR_HANDOFF,14.54903993381032,S3,S3,S1,S2,0,0,0.0,2
2024.11.04startup_a,startup_a,20241104,3442.0,TRANSITION,24.043309552216144,S3,S1,S1,S2,0,0,0.0,2
2024.11.04startup_a,startup_a,20241104,3916.0,TRANSITION,9.668065981989578,S4,S4,,S2,0,0,,2
2024.11.04startup_a,startup_a,20241104,4396.0,TRANSITION,13.731773787717572,S1,S3,,S2,0,0,,2
2024.11.04startup_a,startup_a,20241104,4592.0,TRANSITION,11.566340989680882,S3,S3,,S2,0,0,,2
2024.11.04startup_a,startup_a,20241104,4962.0,INTERIOR_OTHER,1.7853095004097987,S3,S1,,S2,0,0,,2
2024.11.11startup_a,startup_a,20241111,51.0,INTERIOR_OTHER,3.3634517078356723,S1,S2,S1,S2,0,1,0.0,3
2024.11.11startup_a,startup_a,20241111,110.0,TRANSITION,4.831362114861584,S1,S1,S1,S2,0,0,0.0,3
2024.11.11startup_a,startup_a,20241111,156.0,TRANSITION,8.676512083382413,S3,S3,S3,S2,0,0,0.0,3
2024.11.11startup_a,startup_a,20241111,263.0,INTERIOR_OTHER,7.075222487505364,S3,S3,S3,S2,0,0,0.0,3
2024.11.11startup_a,startup_a,20241111,336.0,TRANSITION,8.687457180048149,S3,S1,S3,S2,0,0,0.0,3
2024.11.11startup_a,startup_a,20241111,766.0,TRANSITION,7.713972446663725,S3,S3,,S2,0,0,,3
2024.11.11startup_a,startup_a,20241111,799.0,INTERIOR_OTHER,15.699511320858349,S1,S3,,S2,0,0,,3
2024.11.11startup_a,startup_a,20241111,812.0,INTERIOR_OTHER,20.29011832444396,S1,S1,,S2,0,0,,3
2024.11.11startup_a,startup_a,20241111,1357.0,INTERIOR_OTHER,4.650276809923561,S2,S3,,S2,1,0,,3
2024.11.11startup_a,startup_a,20241111,1414.0,INTERIOR_OTHER,7.254405785358209,S1,S1,S1,S2,0,0,0.0,3
2024.11.11startup_a,startup_a,20241111,1555.0,INTERIOR_OTHER,2.1509131917997237,S1,S4,S1,S2,0,0,0.0,3
2024.11.11startup_a,startup_a,20241111,2020.0,INTERIOR_HANDOFF,10.932474191883905,S1,S3,S1,S2,0,0,0.0,3
2024.11.11startup_a,startup_a,20241111,2137.0,INTERIOR_HANDOFF,11.483485744326842,S1,S3,,S2,0,0,,3
2024.11.11startup_a,startup_a,20241111,2204.0,INTERIOR_OTHER,20.47013959567454,S4,S4,,S2,0,0,,3
2024.11.11startup_a,startup_a,20241111,2219.0,INTERIOR_OTHER,3.5485040415800313,S2,S4,S3,S2,1,0,0.0,3
2024.11.11startup_a,startup_a,20241111,2348.0,TRANSITION,8.890371693497919,S4,S4,,S2,0,0,,3
2024.11.11startup_a,startup_a,20241111,2407.0,INTERIOR_OTHER,12.589205161256167,S1,S3,,S2,0,0,,3
2024.11.11startup_a,startup_a,20241111,2896.0,INTERIOR_OTHER,-5.442608766369229,S3,S3,,S2,0,0,,3
2024.11.11startup_a,startup_a,20241111,3016.0,INTERIOR_HANDOFF,19.352725151204943,S2,S3,,S2,1,0,,3
2024.11.11startup_a,startup_a,20241111,3036.0,INTERIOR_HANDOFF,15.989455527151158,S3,S1,S1,S2,0,0,0.0,3
2024.11.11startup_a,startup_a,20241111,3159.0,TRANSITION,13.194328932902572,S1,S1,,S2,0,0,,3
2024.11.11startup_a,startup_a,20241111,3411.0,TRANSITION,27.277728088127937,S3,S4,,S2,0,0,,3
2024.11.11startup_a,startup_a,20241111,3453.0,TRANSITION,25.27766653265214,S3,S3,,S2,0,0,,3
2024.11.11startup_a,startup_a,20241111,4434.0,TRANSITION,18.10659157891351,S3,S3,S4,S2,0,0,0.0,3
2024.11.18startup_a,startup_a,20241118,70.0,INTERIOR_OTHER,6.637729523833961,S2,S2,,S2,1,1,,4
2024.11.18startup_a,startup_a,20241118,110.0,INTERIOR_OTHER,11.949518539340168,S4,S4,,S2,0,0,,4
2024.11.18startup_a,startup_a,20241118,1491.0,INTERIOR_OTHER,13.519287343652287,S4,S4,,S2,0,0,,4
2024.11.18startup_a,startup_a,20241118,1512.0,TRANSITION,15.389820453777524,S1,S4,,S2,0,0,,4
2024.11.18startup_a,startup_a,20241118,1553.0,TRANSITION,14.26430533838387,S4,S1,S4,S2,0,0,0.0,4
2024.11.18startup_a,startup_a,20241118,2278.0,INTERIOR_OTHER,17.928110450147038,S4,S1,S1,S2,0,0,0.0,4
2024.11.18startup_a,startup_a,20241118,2942.0,INTERIOR_OTHER,13.25479504135864,S4,S1,S4,S2,0,0,0.0,4
2024.11.18startup_a,startup_a,20241118,3103.0,INTERIOR_OTHER,31.393306029816912,S4,S4,,S2,0,0,,4
2024.11.18startup_a,startup_a,20241118,3161.0,TRANSITION,12.387943511748894,S1,S1,,S2,0,0,,4
2024.11.18startup_a,startup_a,20241118,3307.0,INTERIOR_OTHER,8.090901434193391,S2,S2,S1,S2,1,1,0.0,4
2024.11.18startup_a,startup_a,20241118,3639.0,INTERIOR_OTHER,18.120717269707505,S1,S1,,S2,0,0,,4
2024.11.18startup_a,startup_a,20241118,3673.0,TRANSITION,24.723941626797163,S1,S2,,S2,0,1,,4
2024.11.18startup_a,startup_a,20241118,3840.0,INTERIOR_OTHER,11.237831041563318,S1,S2,,S2,0,1,,4
2024.11.18startup_a,startup_a,20241118,4298.0,INTERIOR_OTHER,3.058462473439306,S2,S2,,S2,1,1,,4
2024.11.18startup_a,startup_a,20241118,4447.0,TRANSITION,14.63633393933111,S2,S1,S1,S2,1,0,0.0,4
2024.11.18startup_a,startup_a,20241118,4600.0,TRANSITION,20.558077826890887,S1,S1,S1,S2,0,0,0.0,4
2024.11.18startup_a,startup_a,20241118,4928.0,INTERIOR_HANDOFF,16.735060045498507,S2,S1,S1,S2,1,0,0.0,4
2024.11.18startup_a,startup_a,20241118,5113.0,INTERIOR_HANDOFF,11.187868516415286,S2,S1,S1,S2,1,0,0.0,4
2024.11.18startup_a,startup_a,20241118,5134.0,INTERIOR_HANDOFF,10.643741416581157,S2,S2,,S2,1,1,,4
2024.11.18startup_a,startup_a,20241118,5182.0,TRANSITION,19.76956843541955,S3,S3,S3,S2,0,0,0.0,4
2024.11.18startup_a,startup_a,20241118,5328.0,TRANSITION,3.191594567541138,S1,S2,,S2,0,1,,4
2024.12.09startup_a,startup_a,20241209,469.0,TRANSITION,20.82468912350788,S3,S2,S3,S2,0,1,0.0,5
2024.12.09startup_a,startup_a,20241209,721.0,INTERIOR_OTHER,8.175884175024137,S1,S2,S2,S2,0,1,1.0,5
2024.12.09startup_a,startup_a,20241209,809.0,TRANSITION,12.511465963260221,S1,S1,S1,S2,0,0,0.0,5
2024.12.09startup_a,startup_a,20241209,894.0,TRANSITION,23.546363914937984,S2,S1,S3,S2,1,0,0.0,5
2024.12.09startup_a,startup_a,20241209,922.0,INTERIOR_OTHER,7.4466137196763285,S1,S1,,S2,0,0,,5
2024.12.09startup_a,startup_a,20241209,984.0,TRANSITION,-1.433235384023405,S2,S1,,S2,1,0,,5
2024.12.09startup_a,startup_a,20241209,1058.0,TRANSITION,16.23116371309532,S1,S2,S1,S2,0,1,0.0,5
2024.12.09startup_a,startup_a,20241209,1242.0,TRANSITION,17.887267134785922,S1,S1,S2,S2,0,0,1.0,5
2024.12.09startup_a,startup_a,20241209,1386.0,INTERIOR_HANDOFF,12.715792197428215,S2,S3,S3,S2,1,0,0.0,5
2024.12.09startup_a,startup_a,20241209,1502.0,INTERIOR_OTHER,20.103282710294494,S4,S4,,S2,0,0,,5
2024.12.09startup_a,startup_a,20241209,1675.0,INTERIOR_OTHER,10.040107241242183,S3,S3,,S2,0,0,,5
2024.12.09startup_a,startup_a,20241209,1813.0,TRANSITION,18.337369667343218,S4,S1,,S2,0,0,,5
2024.12.09startup_a,startup_a,20241209,2676.0,TRANSITION,14.106918582151195,S1,S1,S2,S2,0,0,1.0,5
2024.12.09startup_a,startup_a,20241209,2860.0,INTERIOR_HANDOFF,4.959030839034817,S1,S1,,S2,0,0,,5
2024.12.09startup_a,startup_a,20241209,2957.0,TRANSITION,25.275107221416704,S2,S3,S2,S2,1,0,1.0,5
2024.12.09startup_a,startup_a,20241209,3327.0,INTERIOR_HANDOFF,22.701653531033983,S4,S4,S4,S2,0,0,0.0,5
2024.12.09startup_a,startup_a,20241209,3401.0,TRANSITION,25.114321129093632,S3,S3,S1,S2,0,0,0.0,5
2024.12.09startup_a,startup_a,20241209,3987.0,INTERIOR_OTHER,10.460464599130368,S1,S1,,S2,0,0,,5
2024.12.09startup_a,startup_a,20241209,4117.0,INTERIOR_OTHER,-6.152447238056801,S1,S1,S1,S2,0,0,0.0,5
2024.12.09startup_a,startup_a,20241209,4161.0,INTERIOR_OTHER,27.001337601986577,S3,S1,S1,S2,0,0,0.0,5
2024.12.09startup_a,startup_a,20241209,4429.0,TRANSITION,20.997468793947093,S3,S3,,S2,0,0,,5
2024.12.09startup_a,startup_a,20241209,4756.0,TRANSITION,-2.42250011789611,S2,S1,,S2,1,0,,5
2024.12.09startup_a,startup_a,20241209,4807.0,TRANSITION,-3.002338708960181,S1,S1,,S2,0,0,,5
2024.12.09startup_a,startup_a,20241209,5056.0,INTERIOR_OTHER,17.467434900098915,S1,S2,S2,S2,0,1,1.0,5
2024.12.09startup_a,startup_a,20241209,5244.0,TRANSITION,15.516202067960322,S2,S1,,S2,1,0,,5
2024.12.13startup_a,startup_a,20241213,827.0,INTERIOR_OTHER,32.89671407892686,S2,S3,,S2,1,0,,6
2024.12.13startup_a,startup_a,20241213,1413.0,INTERIOR_HANDOFF,34.22308412037901,S3,S2,S2,S2,0,1,1.0,6
2024.12.13startup_a,startup_a,20241213,1720.0,INTERIOR_HANDOFF,14.759151343803936,S3,S1,,S2,0,0,,6
2024.12.13startup_a,startup_a,20241213,1948.0,TRANSITION,13.472762691384652,S1,S3,,S2,0,0,,6
2024.12.13startup_a,startup_a,20241213,2577.0,TRANSITION,9.79901692737991,S2,S1,S1,S2,1,0,0.0,6
2024.12.13startup_a,startup_a,20241213,2638.0,TRANSITION,13.37538491362654,S1,S1,,S2,0,0,,6
2024.12.13startup_a,startup_a,20241213,2833.0,TRANSITION,22.88896894978558,S2,S3,,S2,1,0,,6
2024.12.13startup_a,startup_a,20241213,2983.0,TRANSITION,5.609149054626862,S1,S1,,S2,0,0,,6
2024.12.13startup_a,startup_a,20241213,3053.0,INTERIOR_HANDOFF,24.331715130092505,S3,S3,S3,S2,0,0,0.0,6
2024.12.13startup_a,startup_a,20241213,3101.0,TRANSITION,21.675783620116867,S3,S1,,S2,0,0,,6
2024.12.13startup_a,startup_a,20241213,3323.0,INTERIOR_OTHER,-0.0863256332875082,S1,S3,,S2,0,0,,6
2024.12.13startup_a,startup_a,20241213,3588.0,INTERIOR_OTHER,1.1089743547294049,S1,S1,,S2,0,0,,6
2024.12.13startup_a,startup_a,20241213,3645.0,INTERIOR_HANDOFF,-2.501108202513052,S2,S1,,S2,1,0,,6
2024.12.13startup_a,startup_a,20241213,4025.0,TRANSITION,26.51609339688723,S1,S1,,S2,0,0,,6
2024.12.13startup_a,startup_a,20241213,4906.0,TRANSITION,4.924118187685622,S2,S2,,S2,1,1,,6
2024.12.13startup_a,startup_a,20241213,5092.0,TRANSITION,15.588624231893185,S3,S3,,S2,0,0,,6
2024.12.23startup_a,startup_a,20241223,82.0,INTERIOR_OTHER,10.197538933060702,S3,S3,,S2,0,0,,7
2024.12.23startup_a,startup_a,20241223,120.0,INTERIOR_HANDOFF,14.490099766247294,S3,S1,S3,S2,0,0,0.0,7
2024.12.23startup_a,startup_a,20241223,154.0,INTERIOR_OTHER,-19.955893288499205,S1,S1,,S2,0,0,,7
2024.12.23startup_a,startup_a,20241223,234.0,INTERIOR_OTHER,-19.253907412120974,S1,S1,,S2,0,0,,7
2024.12.23startup_a,startup_a,20241223,1474.0,TRANSITION,26.128098081172727,S3,S3,S3,S2,0,0,0.0,7
2024.12.23startup_a,startup_a,20241223,1689.0,INTERIOR_HANDOFF,13.025275509738737,S2,S2,S2,S2,1,1,1.0,7
2024.12.23startup_a,startup_a,20241223,1790.0,TRANSITION,19.535298819745666,S2,S2,S2,S2,1,1,1.0,7
2024.12.23startup_a,startup_a,20241223,1827.0,TRANSITION,26.071620413270555,S3,S3,S3,S2,0,0,0.0,7
2024.12.23startup_a,startup_a,20241223,1845.0,TRANSITION,23.725523553171247,S1,S1,S3,S2,0,0,0.0,7
2024.12.23startup_a,startup_a,20241223,2014.0,INTERIOR_OTHER,9.979119529662096,S3,S3,S3,S2,0,0,0.0,7
2024.12.23startup_a,startup_a,20241223,2046.0,INTERIOR_HANDOFF,20.59306650534106,S2,S2,,S2,1,1,,7
2024.12.23startup_a,startup_a,20241223,3322.0,TRANSITION,16.80394327889609,S3,S2,,S2,0,1,,7
2024.12.23startup_a,startup_a,20241223,3345.0,INTERIOR_OTHER,19.473581021807757,S2,S3,S4,S2,1,0,0.0,7
2024.12.23startup_a,startup_a,20241223,3394.0,TRANSITION,15.828550769954877,S3,S2,S2,S2,0,1,1.0,7
2024.12.23startup_a,startup_a,20241223,3479.0,INTERIOR_OTHER,17.821965744079076,S2,S1,S2,S2,1,0,1.0,7
2024.12.23startup_a,startup_a,20241223,3557.0,INTERIOR_HANDOFF,7.571524191547827,S1,S2,,S2,0,1,,7
2024.12.23startup_a,startup_a,20241223,3940.0,INTERIOR_OTHER,14.94380456404274,S2,S4,S4,S2,1,0,0.0,7
2024.12.23startup_a,startup_a,20241223,3982.0,INTERIOR_HANDOFF,12.794968109512329,S1,S1,,S2,0,0,,7
2024.12.23startup_a,startup_a,20241223,4301.0,TRANSITION,22.382068248527812,S1,S1,,S2,0,0,,7
2024.12.23startup_a,startup_a,20241223,4603.0,INTERIOR_OTHER,0.05621161603833613,S4,S4,S4,S2,0,0,0.0,7
2024.12.23startup_a,startup_a,20241223,5123.0,TRANSITION,16.282649378099567,S4,S3,S4,S2,0,0,0.0,7
2024.12.23startup_a,startup_a,20241223,5195.0,TRANSITION,5.61571291654926,S1,S3,,S2,0,0,,7
2024.12.23startup_a,startup_a,20241223,5260.0,TRANSITION,26.18388392090746,S1,S1,,S2,0,0,,7
2024.12.23startup_a,startup_a,20241223,5290.0,TRANSITION,22.265801658599084,S3,S3,,S2,0,0,,7
2025.01.06startup_a,startup_a,20250106,77.0,INTERIOR_OTHER,18.328472411035833,S2,S1,,S2,1,0,,8
2025.01.06startup_a,startup_a,20250106,459.0,INTERIOR_OTHER,6.731971357229405,S2,S1,S2,S2,1,0,1.0,8
2025.01.06startup_a,startup_a,20250106,611.0,INTERIOR_HANDOFF,31.334243055881572,S1,S2,S2,S2,0,1,1.0,8
2025.01.06startup_a,startup_a,20250106,677.0,TRANSITION,24.546847938025465,S1,S3,S1,S2,0,0,0.0,8
2025.01.06startup_a,startup_a,20250106,1134.0,TRANSITION,11.309467684853644,S3,S3,,S2,0,0,,8
2025.01.06startup_a,startup_a,20250106,1195.0,TRANSITION,18.733638334017982,S1,S1,S1,S2,0,0,0.0,8
2025.01.06startup_a,startup_a,20250106,1882.0,INTERIOR_OTHER,-6.857511815410646,S2,S2,,S2,1,1,,8
2025.01.06startup_a,startup_a,20250106,2017.0,TRANSITION,34.09758610291546,S2,S3,S2,S2,1,0,1.0,8
2025.01.06startup_a,startup_a,20250106,2088.0,INTERIOR_HANDOFF,25.37148252446049,S3,S1,S3,S2,0,0,0.0,8
2025.01.06startup_a,startup_a,20250106,2197.0,TRANSITION,9.458047395791084,S1,S3,S2,S2,0,0,1.0,8
2025.01.06startup_a,startup_a,20250106,2233.0,INTERIOR_HANDOFF,13.272321904193092,S1,S2,,S2,0,1,,8
2025.01.06startup_a,startup_a,20250106,2909.0,INTERIOR_OTHER,-10.504199547148218,S3,S3,,S2,0,0,,8
2025.01.06startup_a,startup_a,20250106,3527.0,TRANSITION,23.863343455339958,S2,S1,,S2,1,0,,8
2025.01.06startup_a,startup_a,20250106,3657.0,INTERIOR_OTHER,2.0851248444212445,S1,S2,S2,S2,0,1,1.0,8
2025.01.06startup_a,startup_a,20250106,4164.0,INTERIOR_OTHER,12.305684355258492,S2,S2,,S2,1,1,,8
2025.01.06startup_a,startup_a,20250106,4182.0,INTERIOR_HANDOFF,18.809998462034812,S2,S1,,S2,1,0,,8
2025.01.06startup_a,startup_a,20250106,4230.0,INTERIOR_HANDOFF,43.469500946488225,S2,S2,S2,S2,1,1,1.0,8
2025.01.06startup_a,startup_a,20250106,4261.0,TRANSITION,40.88028600892123,S3,S1,S2,S2,0,0,1.0,8
2025.01.06startup_a,startup_a,20250106,4306.0,TRANSITION,11.269754321480704,S1,S2,S3,S2,0,1,0.0,8
2025.01.06startup_a,startup_a,20250106,4440.0,INTERIOR_OTHER,-3.668209726656727,S2,S3,,S2,1,0,,8
2025.01.06startup_a,startup_a,20250106,5037.0,TRANSITION,7.830458820968957,S3,S1,S1,S2,0,0,0.0,8
2025.01.06startup_a,startup_a,20250106,5065.0,INTERIOR_HANDOFF,0.6770128963436974,S1,S2,,S2,0,1,,8
2025.01.06startup_a,startup_a,20250106,5148.0,TRANSITION,24.048559343477038,S1,S2,S2,S2,0,1,1.0,8
2025.01.06startup_a,startup_a,20250106,5221.0,TRANSITION,30.78338650161075,S2,S1,S1,S2,1,0,0.0,8
2025.01.06startup_a,startup_a,20250106,5414.0,INTERIOR_HANDOFF,11.617504811561538,S3,S1,S3,S2,0,0,0.0,8
2025.01.06startup_a,startup_a,20250106,5484.0,TRANSITION,18.976433866245614,S3,S2,,S2,0,1,,8
2025.01.06startup_a,startup_a,20250106,5546.0,TRANSITION,16.660316532403343,S3,S2,,S2,0,1,,8
2025.01.13startup_a,startup_a,20250113,536.0,TRANSITION,15.613162164072492,S4,S4,,S2,0,0,,9
2025.01.13startup_a,startup_a,20250113,597.0,TRANSITION,16.08892104559405,S3,S2,S3,S2,0,1,0.0,9
2025.01.13startup_a,startup_a,20250113,1654.0,TRANSITION,7.106726389141045,S1,S2,S1,S2,0,1,0.0,9
2025.01.13startup_a,startup_a,20250113,1680.0,INTERIOR_HANDOFF,10.72991614412308,S2,S1,S2,S2,1,0,1.0,9
2025.01.13startup_a,startup_a,20250113,1883.0,INTERIOR_HANDOFF,12.569513513369579,S1,S1,S1,S2,0,0,0.0,9
2025.01.13startup_a,startup_a,20250113,2163.0,INTERIOR_OTHER,25.136215318810713,S2,S1,S2,S2,1,0,1.0,9
2025.01.13startup_a,startup_a,20250113,2344.0,INTERIOR_OTHER,5.198642538459808,S2,S2,,S2,1,1,,9
2025.01.13startup_a,startup_a,20250113,2408.0,INTERIOR_HANDOFF,33.22430283298179,S3,S1,S1,S2,0,0,0.0,9
2025.01.13startup_a,startup_a,20250113,2538.0,INTERIOR_OTHER,-2.7731923158841525,S2,S1,S1,S2,1,0,0.0,9
2025.01.13startup_a,startup_a,20250113,2596.0,TRANSITION,-1.3504831964135597,S1,S3,S1,S2,0,0,0.0,9
2025.01.13startup_a,startup_a,20250113,2694.0,INTERIOR_OTHER,14.037692564322462,S1,S1,S3,S2,0,0,0.0,9
2025.01.13startup_a,startup_a,20250113,2770.0,TRANSITION,-16.005842319234304,S3,S3,,S2,0,0,,9
2025.01.13startup_a,startup_a,20250113,2892.0,INTERIOR_OTHER,10.360800075596032,S1,S1,,S2,0,0,,9
2025.01.13startup_a,startup_a,20250113,3054.0,INTERIOR_OTHER,-3.3423224349287075,S1,S1,,S2,0,0,,9
2025.01.13startup_a,startup_a,20250113,3165.0,INTERIOR_OTHER,13.183625823183107,S3,S3,,S2,0,0,,9
2025.01.13startup_a,startup_a,20250113,3183.0,INTERIOR_HANDOFF,17.407345082985614,S1,S1,S1,S2,0,0,0.0,9
2025.01.13startup_a,startup_a,20250113,3317.0,TRANSITION,11.865397825297372,S1,S1,,S2,0,0,,9
2025.01.13startup_a,startup_a,20250113,3414.0,INTERIOR_OTHER,1.7313783104168685,S1,S1,,S2,0,0,,9
2025.01.13startup_a,startup_a,20250113,3447.0,INTERIOR_HANDOFF,12.97554231807775,S3,S1,S1,S2,0,0,0.0,9
2025.01.13startup_a,startup_a,20250113,3784.0,INTERIOR_OTHER,8.46920155582741,S1,S3,S3,S2,0,0,0.0,9
2025.01.13startup_a,startup_a,20250113,4380.0,TRANSITION,17.797192717561785,S3,S3,,S2,0,0,,9
2025.01.13startup_a,startup_a,20250113,4391.0,TRANSITION,11.052177050390526,S1,S3,S1,S2,0,0,0.0,9
2025.01.13startup_a,startup_a,20250113,4514.0,TRANSITION,13.62619588811772,S1,S3,,S2,0,0,,9
2025.01.13startup_a,startup_a,20250113,4563.0,TRANSITION,21.96953087581312,S1,S1,,S2,0,0,,9
2025.01.13startup_a,startup_a,20250113,4585.0,INTERIOR_OTHER,26.28718514776959,S4,S2,S4,S2,0,1,0.0,9
2025.01.13startup_a,startup_a,20250113,4965.0,INTERIOR_OTHER,17.236197317170898,S1,S2,S1,S2,0,1,0.0,9
2025.01.13startup_a,startup_a,20250113,5014.0,TRANSITION,21.737387939021474,S1,S2,S2,S2,0,1,1.0,9
2025.01.13startup_a,startup_a,20250113,5047.0,TRANSITION,18.164866616507986,S2,S2,S2,S2,1,1,1.0,9
2025.01.13startup_a,startup_a,20250113,5162.0,INTERIOR_OTHER,-2.227552687428634,S1,S1,,S2,0,0,,9
2025.02.24startup_a,startup_a,20250224,99.0,INTERIOR_HANDOFF,19.910498792069404,S3,S3,,S2,0,0,,10
2025.02.24startup_a,startup_a,20250224,116.0,INTERIOR_OTHER,25.204133224947896,S3,S3,,S2,0,0,,10
2025.02.24startup_a,startup_a,20250224,136.0,INTERIOR_HANDOFF,19.759551773796318,S2,S2,S2,S2,1,1,1.0,10
2025.02.24startup_a,startup_a,20250224,628.0,TRANSITION,20.129876875195187,S2,S3,S3,S2,1,0,0.0,10
2025.02.24startup_a,startup_a,20250224,781.0,INTERIOR_HANDOFF,11.011023283356728,S2,S2,S2,S2,1,1,1.0,10
2025.02.24startup_a,startup_a,20250224,992.0,TRANSITION,10.578594070565849,S1,S1,S1,S2,0,0,0.0,10
2025.02.24startup_a,startup_a,20250224,1045.0,TRANSITION,6.5169262268859995,S2,S1,S1,S2,1,0,0.0,10
2025.02.24startup_a,startup_a,20250224,1503.0,INTERIOR_HANDOFF,37.55385594124319,S1,S2,S1,S2,0,1,0.0,10
2025.02.24startup_a,startup_a,20250224,1546.0,INTERIOR_HANDOFF,34.91061799296727,S1,S1,,S2,0,0,,10
2025.02.24startup_a,startup_a,20250224,1699.0,INTERIOR_OTHER,8.78363513180242,S3,S3,S2,S2,0,0,1.0,10
2025.02.24startup_a,startup_a,20250224,1983.0,TRANSITION,16.216864758153342,S2,S2,S2,S2,1,1,1.0,10
2025.02.24startup_a,startup_a,20250224,2295.0,INTERIOR_HANDOFF,12.563370937576742,S3,S1,,S2,0,0,,10
2025.02.24startup_a,startup_a,20250224,2354.0,TRANSITION,-0.4099817363007432,S3,S3,S3,S2,0,0,0.0,10
2025.02.24startup_a,startup_a,20250224,2434.0,INTERIOR_HANDOFF,19.12631920940816,S1,S2,,S2,0,1,,10
2025.02.24startup_a,startup_a,20250224,3150.0,INTERIOR_HANDOFF,21.029663272615323,S2,S3,S2,S2,1,0,1.0,10
2025.02.24startup_a,startup_a,20250224,3326.0,INTERIOR_HANDOFF,3.7721662887481457,S2,S2,S2,S2,1,1,1.0,10
2025.02.24startup_a,startup_a,20250224,3390.0,TRANSITION,-13.19466030410154,S2,S2,,S2,1,1,,10
2025.02.24startup_a,startup_a,20250224,3725.0,INTERIOR_HANDOFF,11.210199353908507,S1,S1,,S2,0,0,,10
2025.02.24startup_a,startup_a,20250224,3769.0,INTERIOR_OTHER,13.516860752247275,S1,S1,S2,S2,0,0,1.0,10
2025.02.24startup_a,startup_a,20250224,3803.0,TRANSITION,4.014544055171903,S1,S2,,S2,0,1,,10
2025.02.24startup_a,startup_a,20250224,3911.0,INTERIOR_HANDOFF,4.763616638606081,S2,S1,,S2,1,0,,10
2025.02.24startup_a,startup_a,20250224,3954.0,INTERIOR_OTHER,2.9020274668351433,S1,S2,S2,S2,0,1,1.0,10
2025.02.24startup_a,startup_a,20250224,4017.0,TRANSITION,8.70599862155121,S2,S2,S2,S2,1,1,1.0,10
2025.02.24startup_a,startup_a,20250224,4113.0,INTERIOR_HANDOFF,9.36140674738877,S2,S2,S2,S2,1,1,1.0,10
2025.02.24startup_a,startup_a,20250224,5013.0,TRANSITION,23.493153777155463,S3,S1,,S2,0,0,,10
2025.03.02startup_a,startup_a,20250302,110.0,TRANSITION,-11.702163004680994,S2,S2,,S2,1,1,,11
2025.03.02startup_a,startup_a,20250302,204.0,INTERIOR_HANDOFF,7.438814716411844,S2,S1,S1,S2,1,0,0.0,11
2025.03.02startup_a,startup_a,20250302,350.0,INTERIOR_HANDOFF,7.16855736603539,S3,S3,,S2,0,0,,11
2025.03.02startup_a,startup_a,20250302,583.0,TRANSITION,3.62835928785055,S3,S3,,S2,0,0,,11
2025.03.02startup_a,startup_a,20250302,597.0,INTERIOR_OTHER,9.574000731074388,S1,S3,S1,S2,0,0,0.0,11
2025.03.02startup_a,startup_a,20250302,636.0,TRANSITION,16.29516024315956,S1,S1,S1,S2,0,0,0.0,11
2025.03.02startup_a,startup_a,20250302,659.0,TRANSITION,22.156445541547388,S3,S3,,S2,0,0,,11
2025.03.02startup_a,startup_a,20250302,853.0,INTERIOR_HANDOFF,10.686818815703337,S3,S1,S1,S2,0,0,0.0,11
2025.03.02startup_a,startup_a,20250302,923.0,TRANSITION,18.74503043390357,S2,S3,S1,S2,1,0,0.0,11
2025.03.02startup_a,startup_a,20250302,1002.0,TRANSITION,14.122904396279328,S3,S3,S2,S2,0,0,1.0,11
2025.03.02startup_a,startup_a,20250302,1026.0,TRANSITION,1.0308523102398794,S2,S2,S2,S2,1,1,1.0,11
2025.03.02startup_a,startup_a,20250302,1778.0,INTERIOR_OTHER,12.753031395314952,S4,S4,S4,S2,0,0,0.0,11
2025.03.02startup_a,startup_a,20250302,1798.0,INTERIOR_HANDOFF,2.7108068455659087,S4,S2,S4,S2,0,1,0.0,11
2025.03.02startup_a,startup_a,20250302,1866.0,INTERIOR_HANDOFF,18.579592795371088,S4,S4,,S2,0,0,,11
2025.03.02startup_a,startup_a,20250302,2579.0,INTERIOR_OTHER,12.200027606429988,S2,S2,,S2,1,1,,11
2025.03.02startup_a,startup_a,20250302,2797.0,INTERIOR_OTHER,8.47878522167645,S4,S4,,S2,0,0,,11
2025.03.02startup_a,startup_a,20250302,3160.0,TRANSITION,20.23333439345237,S4,S1,,S2,0,0,,11
2025.03.02startup_a,startup_a,20250302,4426.0,INTERIOR_OTHER,13.979455419664536,S3,S1,S1,S2,0,0,0.0,11
2025.03.02startup_a,startup_a,20250302,4461.0,TRANSITION,12.292640503382774,S1,S1,,S2,0,0,,11
2025.03.02startup_a,startup_a,20250302,4895.0,INTERIOR_OTHER,8.803107974709437,S3,S1,S1,S2,0,0,0.0,11
2025.03.02startup_a,startup_a,20250302,4953.0,TRANSITION,8.87957592655832,S1,S1,S1,S2,0,0,0.0,11
2025.03.02startup_a,startup_a,20250302,5007.0,TRANSITION,10.749603582052554,S3,S1,S1,S2,0,0,0.0,11
2025.03.02startup_a,startup_a,20250302,5127.0,INTERIOR_OTHER,9.99137494006931,S4,S4,,S2,0,0,,11
2025.03.02startup_a,startup_a,20250302,5176.0,TRANSITION,18.92542086354928,S4,S4,S1,S2,0,0,0.0,11
2025.03.17startup_a,startup_a,20250317,80.0,TRANSITION,17.911401342486187,S1,S3,S3,S2,0,0,0.0,12
2025.03.17startup_a,startup_a,20250317,151.0,INTERIOR_OTHER,2.594610165166614,S5,S5,,S2,0,0,,12
2025.03.17startup_a,startup_a,20250317,199.0,TRANSITION,21.497331144805933,S1,S5,S5,S2,0,0,0.0,12
2025.03.17startup_a,startup_a,20250317,228.0,TRANSITION,6.861135785484901,S3,S3,S1,S2,0,0,0.0,12
2025.03.17startup_a,startup_a,20250317,469.0,TRANSITION,17.459737640256797,S3,S1,,S2,0,0,,12
2025.03.17startup_a,startup_a,20250317,485.0,TRANSITION,14.4104848726736,S5,S3,S5,S2,0,0,0.0,12
2025.03.17startup_a,startup_a,20250317,598.0,INTERIOR_HANDOFF,9.346415027882763,S3,S2,,S2,0,1,,12
2025.03.17startup_a,startup_a,20250317,1056.0,TRANSITION,14.941191597882295,S1,S1,,S2,0,0,,12
2025.03.17startup_a,startup_a,20250317,1173.0,TRANSITION,7.516161162246114,S3,S1,S3,S2,0,0,0.0,12
2025.03.17startup_a,startup_a,20250317,1610.0,INTERIOR_OTHER,14.888749559126872,S1,S3,S1,S2,0,0,0.0,12
2025.03.17startup_a,startup_a,20250317,1641.0,INTERIOR_HANDOFF,25.08788566199882,S3,S3,S5,S2,0,0,0.0,12
2025.03.17startup_a,startup_a,20250317,1998.0,TRANSITION,1.92049582402894,S1,S1,,S2,0,0,,12
2025.03.17startup_a,startup_a,20250317,2130.0,TRANSITION,17.13312148731083,S1,S1,,S2,0,0,,12
2025.03.17startup_a,startup_a,20250317,2274.0,TRANSITION,10.80385891676763,S1,S1,,S2,0,0,,12
2025.03.17startup_a,startup_a,20250317,2507.0,TRANSITION,5.666255169370228,S3,S3,,S2,0,0,,12
2025.03.17startup_a,startup_a,20250317,3173.0,INTERIOR_OTHER,0.8480045918648074,S1,S1,S1,S2,0,0,0.0,12
2025.03.17startup_a,startup_a,20250317,3497.0,TRANSITION,6.152513253315078,S1,S3,S1,S2,0,0,0.0,12
2025.03.17startup_a,startup_a,20250317,3559.0,INTERIOR_OTHER,0.6853792211333953,S1,S3,,S2,0,0,,12
2025.03.17startup_a,startup_a,20250317,3646.0,INTERIOR_OTHER,0.7784959628801005,S3,S3,,S2,0,0,,12
2025.03.17startup_a,startup_a,20250317,3708.0,TRANSITION,8.986559892434691,S3,S3,S3,S2,0,0,0.0,12
2025.03.17startup_a,startup_a,20250317,4710.0,INTERIOR_OTHER,15.235490144191068,S3,S1,S3,S2,0,0,0.0,12
2025.03.17startup_a,startup_a,20250317,4727.0,TRANSITION,12.47792441268421,S1,S1,,S2,0,0,,12
2025.03.17startup_a,startup_a,20250317,5067.0,TRANSITION,13.490748571125046,S5,S1,,S2,0,0,,12
2025.03.17startup_a,startup_a,20250317,5112.0,TRANSITION,14.211711903251874,S5,S3,S1,S2,0,0,0.0,12
2025.03.25startup_a,startup_a,20250325,229.0,INTERIOR_OTHER,-10.221109277103055,S1,S1,,S2,0,0,,13
2025.03.25startup_a,startup_a,20250325,301.0,INTERIOR_OTHER,21.578206610145255,S1,S2,S1,S2,0,1,0.0,13
2025.03.25startup_a,startup_a,20250325,339.0,TRANSITION,7.514573303341802,S5,S5,,S2,0,0,,13
2025.03.25startup_a,startup_a,20250325,377.0,TRANSITION,3.6268692048524755,S5,S5,S5,S2,0,0,0.0,13
2025.03.25startup_a,startup_a,20250325,418.0,TRANSITION,16.216014001239788,S2,S5,,S2,1,0,,13
2025.03.25startup_a,startup_a,20250325,465.0,TRANSITION,7.791349274934358,S5,S5,S5,S2,0,0,0.0,13
2025.03.25startup_a,startup_a,20250325,491.0,INTERIOR_OTHER,-15.268818146747659,S5,S5,,S2,0,0,,13
2025.03.25startup_a,startup_a,20250325,749.0,TRANSITION,11.84397673524639,S5,S5,,S2,0,0,,13
2025.03.25startup_a,startup_a,20250325,1030.0,TRANSITION,6.951972876038717,S5,S5,,S2,0,0,,13
2025.03.25startup_a,startup_a,20250325,1760.0,TRANSITION,19.533072470014528,S5,S1,S5,S2,0,0,0.0,13
2025.03.25startup_a,startup_a,20250325,1888.0,TRANSITION,4.134706525150843,S5,S2,S5,S2,0,1,0.0,13
2025.03.25startup_a,startup_a,20250325,1935.0,INTERIOR_HANDOFF,10.11845307143199,S5,S5,,S2,0,0,,13
2025.03.25startup_a,startup_a,20250325,2117.0,TRANSITION,-0.33754672179110656,S2,S2,S2,S2,1,1,1.0,13
2025.03.25startup_a,startup_a,20250325,2191.0,TRANSITION,15.12284237420059,S2,S2,S2,S2,1,1,1.0,13
2025.03.25startup_a,startup_a,20250325,2228.0,TRANSITION,12.521498728673667,S5,S5,,S2,0,0,,13
2025.03.25startup_a,startup_a,20250325,2244.0,TRANSITION,8.140692676051973,S5,S2,,S2,0,1,,13
2025.03.25startup_a,startup_a,20250325,2563.0,INTERIOR_HANDOFF,7.9582102345487336,S5,S2,S2,S2,0,1,1.0,13
2025.03.25startup_a,startup_a,20250325,2700.0,TRANSITION,19.61405526599579,S2,S2,,S2,1,1,,13
2025.03.25startup_a,startup_a,20250325,2852.0,INTERIOR_OTHER,3.6855488636424205,S2,S2,,S2,1,1,,13
2025.03.25startup_a,startup_a,20250325,3375.0,INTERIOR_OTHER,-0.26056221512397926,S2,S2,S2,S2,1,1,1.0,13
2025.03.25startup_a,startup_a,20250325,3499.0,INTERIOR_HANDOFF,8.262285049602408,S5,S2,S5,S2,0,1,0.0,13
2025.03.25startup_a,startup_a,20250325,3614.0,INTERIOR_OTHER,10.874091096067918,S5,S2,S5,S2,0,1,0.0,13
2025.03.25startup_a,startup_a,20250325,3648.0,INTERIOR_OTHER,10.336629745694584,S2,S5,,S2,1,0,,13
2025.03.25startup_a,startup_a,20250325,3681.0,TRANSITION,17.62307375432926,S1,S2,S2,S2,0,1,1.0,13
2025.03.25startup_a,startup_a,20250325,3770.0,TRANSITION,10.290391265726168,S5,S5,S5,S2,0,0,0.0,13
2025.03.25startup_a,startup_a,20250325,3835.0,INTERIOR_OTHER,13.065955181868194,S5,S2,,S2,0,1,,13
2025.03.25startup_a,startup_a,20250325,3874.0,INTERIOR_HANDOFF,9.578175199420027,S5,S2,,S2,0,1,,13
2025.03.25startup_a,startup_a,20250325,3893.0,INTERIOR_OTHER,-3.111583725015006,S2,S2,S2,S2,1,1,1.0,13
2025.03.25startup_a,startup_a,20250325,4266.0,INTERIOR_OTHER,7.285907746487226,S5,S2,S2,S2,0,1,1.0,13
2025.03.25startup_a,startup_a,20250325,4347.0,TRANSITION,0.7834566187310195,S2,S2,,S2,1,1,,13
2025.03.25startup_a,startup_a,20250325,4777.0,TRANSITION,12.097422729557895,S5,S2,S2,S2,0,1,1.0,13
2025.03.25startup_a,startup_a,20250325,4959.0,TRANSITION,15.973922771825979,S2,S2,S2,S2,1,1,1.0,13
2025.03.31startup_a,startup_a,20250331,286.0,INTERIOR_OTHER,-3.0142434876875264,S1,S1,,S2,0,0,,14
2025.03.31startup_a,startup_a,20250331,335.0,TRANSITION,5.5320537337619164,S1,S1,S1,S2,0,0,0.0,14
2025.03.31startup_a,startup_a,20250331,384.0,INTERIOR_OTHER,-14.675674011917591,S2,S2,S2,S2,1,1,1.0,14
2025.03.31startup_a,startup_a,20250331,424.0,INTERIOR_OTHER,-1.657839752704227,S2,S2,,S2,1,1,,14
2025.03.31startup_a,startup_a,20250331,471.0,INTERIOR_OTHER,6.078357519447174,S1,S2,S1,S2,0,1,0.0,14
2025.03.31startup_a,startup_a,20250331,526.0,INTERIOR_HANDOFF,16.91204485798685,S1,S1,S1,S2,0,0,0.0,14
2025.03.31startup_a,startup_a,20250331,561.0,TRANSITION,21.36649949304801,S4,S4,,S2,0,0,,14
2025.03.31startup_a,startup_a,20250331,648.0,INTERIOR_OTHER,8.98465004470895,S1,S1,,S2,0,0,,14
2025.03.31startup_a,startup_a,20250331,1317.0,TRANSITION,8.030265441254642,S1,S1,S1,S2,0,0,0.0,14
2025.03.31startup_a,startup_a,20250331,1417.0,INTERIOR_HANDOFF,2.729677642801807,S2,S1,S1,S2,1,0,0.0,14
2025.03.31startup_a,startup_a,20250331,1651.0,TRANSITION,8.274203199603178,S1,S2,,S2,0,1,,14
2025.03.31startup_a,startup_a,20250331,2320.0,TRANSITION,7.339623828892634,S1,S2,S2,S2,0,1,1.0,14
2025.03.31startup_a,startup_a,20250331,2373.0,TRANSITION,2.189345451088059,S1,S1,,S2,0,0,,14
2025.03.31startup_a,startup_a,20250331,3454.0,INTERIOR_OTHER,4.467121325668273,S5,S5,,S2,0,0,,14
2025.03.31startup_a,startup_a,20250331,3528.0,INTERIOR_OTHER,10.018444615884675,S1,S2,S2,S2,0,1,1.0,14
2025.03.31startup_a,startup_a,20250331,3970.0,INTERIOR_HANDOFF,14.241711612673683,S2,S1,S1,S2,1,0,0.0,14
2025.03.31startup_a,startup_a,20250331,4029.0,TRANSITION,22.20469847947129,S1,S2,S1,S2,0,1,0.0,14
2025.03.31startup_a,startup_a,20250331,4052.0,INTERIOR_HANDOFF,15.017482171939804,S1,S5,,S2,0,0,,14
2025.03.31startup_a,startup_a,20250331,4280.0,TRANSITION,12.689347212102362,S1,S1,S2,S2,0,0,1.0,14
2025.03.31startup_a,startup_a,20250331,4665.0,TRANSITION,13.15885065293027,S2,S1,S2,S2,1,0,1.0,14
2025.03.31startup_a,startup_a,20250331,4704.0,INTERIOR_OTHER,4.016272068994645,S1,S1,,S2,0,0,,14
2025.03.31startup_a,startup_a,20250331,4858.0,INTERIOR_OTHER,-0.04435975986692142,S2,S2,S2,S2,1,1,1.0,14
2025.03.31startup_a,startup_a,20250331,5051.0,INTERIOR_HANDOFF,17.657873347938455,S5,S1,S5,S2,0,0,0.0,14
2025.04.07startup_a,startup_a,20250407,110.0,TRANSITION,14.031061298763078,S4,S1,,S2,0,0,,15
2025.04.07startup_a,startup_a,20250407,276.0,INTERIOR_OTHER,4.505598955394618,S4,S4,,S2,0,0,,15
2025.04.07startup_a,startup_a,20250407,320.0,INTERIOR_HANDOFF,26.445682251443046,S2,S2,,S2,1,1,,15
2025.04.07startup_a,startup_a,20250407,510.0,TRANSITION,19.971298524690297,S1,S1,,S2,0,0,,15
2025.04.07startup_a,startup_a,20250407,571.0,TRANSITION,25.00979650348212,S1,S1,,S2,0,0,,15
2025.04.07startup_a,startup_a,20250407,590.0,INTERIOR_HANDOFF,21.34882704988531,S2,S1,S2,S2,1,0,1.0,15
2025.04.07startup_a,startup_a,20250407,620.0,INTERIOR_OTHER,18.18266175403337,S1,S2,S1,S2,0,1,0.0,15
2025.04.07startup_a,startup_a,20250407,1191.0,INTERIOR_OTHER,11.228375069763985,S4,S1,S4,S2,0,0,0.0,15
2025.04.07startup_a,startup_a,20250407,1519.0,TRANSITION,14.352239504765308,S2,S4,S4,S2,1,0,0.0,15
2025.04.07startup_a,startup_a,20250407,1715.0,TRANSITION,31.803387100517405,S2,S4,,S2,1,0,,15
2025.04.07startup_a,startup_a,20250407,1743.0,INTERIOR_HANDOFF,35.177149182937384,S1,S2,S1,S2,0,1,0.0,15
2025.04.07startup_a,startup_a,20250407,1781.0,INTERIOR_HANDOFF,34.90027348506282,S4,S1,,S2,0,0,,15
2025.04.07startup_a,startup_a,20250407,1963.0,TRANSITION,11.743529947628232,S1,S2,S2,S2,0,1,1.0,15
2025.04.07startup_a,startup_a,20250407,2229.0,INTERIOR_OTHER,0.4841170286535075,S2,S2,S2,S2,1,1,1.0,15
2025.04.07startup_a,startup_a,20250407,2292.0,TRANSITION,14.747077139534085,S1,S2,S1,S2,0,1,0.0,15
2025.04.07startup_a,startup_a,20250407,2530.0,INTERIOR_OTHER,7.033106054447707,S2,S2,,S2,1,1,,15
2025.04.07startup_a,startup_a,20250407,2570.0,TRANSITION,14.379530892798513,S2,S1,S2,S2,1,0,1.0,15
2025.04.07startup_a,startup_a,20250407,2970.0,TRANSITION,6.758922090863621,S1,S1,,S2,0,0,,15
2025.04.07startup_a,startup_a,20250407,2988.0,INTERIOR_OTHER,11.69973635980373,S2,S1,S1,S2,1,0,0.0,15
2025.04.07startup_a,startup_a,20250407,3019.0,INTERIOR_HANDOFF,19.111733352869607,S2,S1,,S2,1,0,,15
2025.04.07startup_a,startup_a,20250407,3368.0,TRANSITION,8.13983271224535,S2,S1,S2,S2,1,0,1.0,15
2025.04.07startup_a,startup_a,20250407,3494.0,INTERIOR_OTHER,-6.435238154518416,S1,S1,,S2,0,0,,15
2025.04.07startup_a,startup_a,20250407,3603.0,TRANSITION,12.480510066886318,S2,S2,S2,S2,1,1,1.0,15
2025.04.07startup_a,startup_a,20250407,3676.0,INTERIOR_HANDOFF,20.008700021440674,S2,S2,,S2,1,1,,15
2025.04.07startup_a,startup_a,20250407,3785.0,INTERIOR_OTHER,9.897852557872483,S2,S1,S1,S2,1,0,0.0,15
2025.04.07startup_a,startup_a,20250407,3830.0,INTERIOR_HANDOFF,17.65518637887441,S1,S1,,S2,0,0,,15
2025.04.07startup_a,startup_a,20250407,3974.0,INTERIOR_HANDOFF,13.10356055949859,S1,S1,,S2,0,0,,15
2025.04.07startup_a,startup_a,20250407,4389.0,TRANSITION,1.8654446806709153,S2,S1,S1,S2,1,0,0.0,15
2025.04.07startup_a,startup_a,20250407,4435.0,TRANSITION,-8.122530776994328,S1,S1,,S2,0,0,,15
2025.04.07startup_a,startup_a,20250407,5027.0,TRANSITION,13.737232313008988,S2,S2,,S2,1,1,,15
2025.04.07startup_a,startup_a,20250407,5083.0,INTERIOR_OTHER,-14.295207805087443,S2,S1,S1,S2,1,0,0.0,15
2025.04.14startup_a,startup_a,20250414,339.0,TRANSITION,12.074221332860215,S1,S1,,S2,0,0,,16
2025.04.14startup_a,startup_a,20250414,386.0,INTERIOR_HANDOFF,22.226306031933905,S2,S1,S2,S2,1,0,1.0,16
2025.04.14startup_a,startup_a,20250414,501.0,INTERIOR_OTHER,11.463942551563118,S2,S2,S2,S2,1,1,1.0,16
2025.04.14startup_a,startup_a,20250414,560.0,TRANSITION,16.54819312503398,S2,S1,S2,S2,1,0,1.0,16
2025.04.14startup_a,startup_a,20250414,585.0,INTERIOR_OTHER,0.35473367711955106,S2,S2,,S2,1,1,,16
2025.04.14startup_a,startup_a,20250414,678.0,INTERIOR_OTHER,1.9134534306881967,S2,S2,,S2,1,1,,16
2025.04.14startup_a,startup_a,20250414,721.0,TRANSITION,17.373865219863138,S2,S2,,S2,1,1,,16
2025.04.14startup_a,startup_a,20250414,773.0,TRANSITION,29.1641261589474,S1,S2,S1,S2,0,1,0.0,16
2025.04.14startup_a,startup_a,20250414,1378.0,TRANSITION,22.21370590130773,S4,S1,S4,S2,0,0,0.0,16
2025.04.14startup_a,startup_a,20250414,2187.0,INTERIOR_OTHER,9.513440787739984,S4,S1,,S2,0,0,,16
2025.04.14startup_a,startup_a,20250414,2243.0,INTERIOR_HANDOFF,21.648468877327655,S1,S1,,S2,0,0,,16
2025.04.14startup_a,startup_a,20250414,3052.0,TRANSITION,8.718566806010056,S1,S4,S1,S2,0,0,0.0,16
2025.04.14startup_a,startup_a,20250414,3121.0,INTERIOR_OTHER,18.42951279528776,S1,S4,,S2,0,0,,16
2025.04.14startup_a,startup_a,20250414,3555.0,INTERIOR_OTHER,11.573395346339264,S4,S1,S4,S2,0,0,0.0,16
2025.04.14startup_a,startup_a,20250414,3617.0,INTERIOR_OTHER,10.989496715116243,S4,S1,,S2,0,0,,16
2025.04.14startup_a,startup_a,20250414,4389.0,INTERIOR_HANDOFF,21.652034431634444,S4,S4,S1,S2,0,0,0.0,16
2025.04.14startup_a,startup_a,20250414,4450.0,TRANSITION,24.706973602560435,S1,S2,S1,S2,0,1,0.0,16
2025.04.14startup_a,startup_a,20250414,4696.0,INTERIOR_OTHER,15.59956185307097,S2,S1,S1,S2,1,0,0.0,16
2025.04.14startup_a,startup_a,20250414,4840.0,INTERIOR_OTHER,10.09994905893458,S2,S1,S2,S2,1,0,1.0,16
2025.04.14startup_a,startup_a,20250414,5045.0,INTERIOR_OTHER,22.55850512562476,S2,S1,,S2,1,0,,16
2025.04.14startup_a,startup_a,20250414,5205.0,INTERIOR_HANDOFF,23.592286306538465,S1,S4,S1,S2,0,0,0.0,16
2025.04.14startup_a,startup_a,20250414,5244.0,TRANSITION,30.077026846936075,S1,S4,S4,S2,0,0,0.0,16
2025.04.14startup_a,startup_a,20250414,5416.0,INTERIOR_OTHER,-4.014468353711813,S4,S1,S1,S2,0,0,0.0,16
2025.04.14startup_a,startup_a,20250414,5630.0,INTERIOR_HANDOFF,21.595732770221527,S4,S1,,S2,0,0,,16
2024.10.14startup_b,startup_b,20241014,142.0,INTERIOR_HANDOFF,-6.36929898114478,S1,S2,S1,S2,0,1,0.0,0
2024.10.14startup_b,startup_b,20241014,217.0,TRANSITION,12.092582566129174,S2,S1,S2,S2,1,0,1.0,0
2024.10.14startup_b,startup_b,20241014,345.0,INTERIOR_HANDOFF,8.292762217153914,S3,S1,,S2,0,0,,0
2024.10.14startup_b,startup_b,20241014,527.0,INTERIOR_HANDOFF,16.935310503582222,S3,S2,,S2,0,1,,0
2024.10.14startup_b,startup_b,20241014,568.0,TRANSITION,23.27306796486301,S3,S3,S3,S2,0,0,0.0,0
2024.10.14startup_b,startup_b,20241014,585.0,TRANSITION,13.852487553098143,S4,S1,S3,S2,0,0,0.0,0
2024.10.14startup_b,startup_b,20241014,645.0,INTERIOR_HANDOFF,11.768167997584385,S2,S1,,S2,1,0,,0
2024.10.14startup_b,startup_b,20241014,694.0,TRANSITION,17.48402092601019,S2,S3,,S2,1,0,,0
2024.10.14startup_b,startup_b,20241014,739.0,TRANSITION,4.587068828255838,S4,S3,S1,S2,0,0,0.0,0
2024.10.14startup_b,startup_b,20241014,856.0,TRANSITION,-3.9867787750157575,S1,S1,S1,S2,0,0,0.0,0
2024.10.14startup_b,startup_b,20241014,922.0,INTERIOR_OTHER,13.554500332860918,S3,S2,,S2,0,1,,0
2024.10.14startup_b,startup_b,20241014,976.0,TRANSITION,36.11275108342165,S4,S2,S4,S2,0,1,0.0,0
2024.10.14startup_b,startup_b,20241014,1076.0,INTERIOR_HANDOFF,22.526186655665548,S1,S4,S4,S2,0,0,0.0,0
2024.10.14startup_b,startup_b,20241014,1158.0,TRANSITION,28.122947036305085,S1,S1,S1,S2,0,0,0.0,0
2024.10.14startup_b,startup_b,20241014,1230.0,TRANSITION,7.980248495868622,S4,S4,S1,S2,0,0,0.0,0
2024.10.14startup_b,startup_b,20241014,1550.0,TRANSITION,7.896792769295061,S3,S1,S4,S2,0,0,0.0,0
2024.10.14startup_b,startup_b,20241014,1612.0,INTERIOR_HANDOFF,21.731450196833855,S4,S1,,S2,0,0,,0
2024.10.14startup_b,startup_b,20241014,1668.0,TRANSITION,15.844038191959669,S2,S2,S2,S2,1,1,1.0,0
2024.10.14startup_b,startup_b,20241014,1764.0,TRANSITION,12.392925527239662,S4,S4,S4,S2,0,0,0.0,0
2024.10.14startup_b,startup_b,20241014,1900.0,TRANSITION,21.40369090790677,S2,S3,,S2,1,0,,0
2024.10.14startup_b,startup_b,20241014,1998.0,TRANSITION,14.083366831534647,S3,S1,S4,S2,0,0,0.0,0
2024.10.14startup_b,startup_b,20241014,2017.0,TRANSITION,21.734464799748444,S1,S3,S1,S2,0,0,0.0,0
2024.10.14startup_b,startup_b,20241014,2048.0,TRANSITION,26.274566226562477,S2,S1,S1,S2,1,0,0.0,0
2024.10.14startup_b,startup_b,20241014,2066.0,TRANSITION,26.18854167982237,S3,S4,S4,S2,0,0,0.0,0
2024.10.14startup_b,startup_b,20241014,2092.0,INTERIOR_HANDOFF,8.72800127967566,S3,S1,S3,S2,0,0,0.0,0
2024.10.14startup_b,startup_b,20241014,2819.0,TRANSITION,21.962452044143937,S1,S1,S1,S2,0,0,0.0,0
2024.10.14startup_b,startup_b,20241014,3392.0,TRANSITION,12.605949193812243,S4,S1,,S2,0,0,,0
2024.10.14startup_b,startup_b,20241014,3450.0,TRANSITION,3.5151559653989395,S4,S1,S1,S2,0,0,0.0,0
2024.10.14startup_b,startup_b,20241014,3520.0,INTERIOR_HANDOFF,20.24929898208952,S3,S4,S4,S2,0,0,0.0,0
2024.10.14startup_b,startup_b,20241014,4503.0,TRANSITION,26.08811414822636,S4,S3,S3,S2,0,0,0.0,0
2024.10.14startup_b,startup_b,20241014,4651.0,INTERIOR_HANDOFF,26.48530731704097,S2,S3,S2,S2,1,0,1.0,0
2024.10.14startup_b,startup_b,20241014,4849.0,TRANSITION,14.979138469243757,S2,S4,S1,S2,1,0,0.0,0
2024.10.14startup_b,startup_b,20241014,4901.0,INTERIOR_HANDOFF,19.639527138158194,S4,S3,S3,S2,0,0,0.0,0
2024.10.14startup_b,startup_b,20241014,4952.0,TRANSITION,12.308499663226286,S1,S1,S1,S2,0,0,0.0,0
2024.10.14startup_b,startup_b,20241014,5197.0,TRANSITION,10.486001836500883,S4,S4,,S2,0,0,,0
2024.10.28startup_b,startup_b,20241028,115.0,TRANSITION,1.4806989604812486,S1,S3,S1,S2,0,0,0.0,1
2024.10.28startup_b,startup_b,20241028,175.0,INTERIOR_OTHER,-5.929936298056408,S2,S3,,S2,1,0,,1
2024.10.28startup_b,startup_b,20241028,247.0,INTERIOR_OTHER,-2.1496244363855936,S1,S3,S1,S2,0,0,0.0,1
2024.10.28startup_b,startup_b,20241028,343.0,TRANSITION,12.615244815151797,S2,S2,S2,S2,1,1,1.0,1
2024.10.28startup_b,startup_b,20241028,384.0,TRANSITION,4.5057502735169095,S3,S3,,S2,0,0,,1
2024.10.28startup_b,startup_b,20241028,452.0,TRANSITION,-6.3675328477879845,S2,S3,,S2,1,0,,1
2024.10.28startup_b,startup_b,20241028,509.0,INTERIOR_OTHER,6.821868918803503,S1,S1,,S2,0,0,,1
2024.10.28startup_b,startup_b,20241028,706.0,TRANSITION,21.5126405553155,S1,S3,S1,S2,0,0,0.0,1
2024.10.28startup_b,startup_b,20241028,758.0,INTERIOR_HANDOFF,9.221060672067182,S3,S4,S3,S2,0,0,0.0,1
2024.10.28startup_b,startup_b,20241028,795.0,TRANSITION,14.385872578820376,S3,S2,S3,S2,0,1,0.0,1
2024.10.28startup_b,startup_b,20241028,1399.0,TRANSITION,29.666173588818623,S1,S4,,S2,0,0,,1
2024.10.28startup_b,startup_b,20241028,1445.0,TRANSITION,18.07412093528955,S4,S4,,S2,0,0,,1
2024.10.28startup_b,startup_b,20241028,1457.0,TRANSITION,6.304730528321286,S3,S4,S3,S2,0,0,0.0,1
2024.10.28startup_b,startup_b,20241028,1554.0,INTERIOR_HANDOFF,23.597900000666797,S3,S2,,S2,0,1,,1
2024.10.28startup_b,startup_b,20241028,1819.0,TRANSITION,3.849022951357057,S3,S4,,S2,0,0,,1
2024.10.28startup_b,startup_b,20241028,1870.0,INTERIOR_OTHER,4.364672601476229,S3,S4,,S2,0,0,,1
2024.10.28startup_b,startup_b,20241028,1906.0,INTERIOR_OTHER,13.403731557659825,S3,S4,S2,S2,0,0,1.0,1
2024.10.28startup_b,startup_b,20241028,1996.0,INTERIOR_OTHER,15.23696015717644,S1,S1,S1,S2,0,0,0.0,1
2024.10.28startup_b,startup_b,20241028,2062.0,INTERIOR_HANDOFF,-1.910779510277564,S4,S3,S3,S2,0,0,0.0,1
2024.10.28startup_b,startup_b,20241028,2115.0,INTERIOR_OTHER,17.96970431823678,S2,S2,,S2,1,1,,1
2024.10.28startup_b,startup_b,20241028,2206.0,TRANSITION,13.285551943583158,S4,S4,S4,S2,0,0,0.0,1
2024.10.28startup_b,startup_b,20241028,2293.0,TRANSITION,22.667792100307686,S4,S4,S4,S2,0,0,0.0,1
2024.10.28startup_b,startup_b,20241028,2586.0,TRANSITION,2.3125531464729576,S1,S1,,S2,0,0,,1
2024.10.28startup_b,startup_b,20241028,3295.0,INTERIOR_OTHER,-0.6844391214889853,S4,S4,,S2,0,0,,1
2024.10.28startup_b,startup_b,20241028,3913.0,INTERIOR_HANDOFF,7.247100715374984,S4,S4,S4,S2,0,0,0.0,1
2024.10.28startup_b,startup_b,20241028,3967.0,TRANSITION,13.69402361693588,S3,S4,S3,S2,0,0,0.0,1
2024.10.28startup_b,startup_b,20241028,4300.0,TRANSITION,7.227501770420631,S2,S4,S2,S2,1,0,1.0,1
2024.10.28startup_b,startup_b,20241028,4364.0,TRANSITION,10.686629447081515,S4,S1,S4,S2,0,0,0.0,1
2024.10.28startup_b,startup_b,20241028,4482.0,INTERIOR_HANDOFF,17.614708323107827,S4,S2,,S2,0,1,,1
2024.10.28startup_b,startup_b,20241028,4787.0,TRANSITION,22.60281316747843,S2,S1,S1,S2,1,0,0.0,1
2024.10.28startup_b,startup_b,20241028,4885.0,TRANSITION,4.090983345048514,S4,S4,,S2,0,0,,1
2024.10.28startup_b,startup_b,20241028,4992.0,TRANSITION,22.625148505890493,S4,S2,S2,S2,0,1,1.0,1
2024.10.28startup_b,startup_b,20241028,5033.0,TRANSITION,1.231244387502727,S4,S2,S2,S2,0,1,1.0,1
2024.10.28startup_b,startup_b,20241028,5133.0,TRANSITION,21.646306789937654,S4,S2,S2,S2,0,1,1.0,1
2024.10.28startup_b,startup_b,20241028,5251.0,TRANSITION,-1.5308950380378405,S3,S3,,S2,0,0,,1
2024.11.04startup_b,startup_b,20241104,112.0,TRANSITION,12.382589720272925,S1,S4,S2,S2,0,0,1.0,2
2024.11.04startup_b,startup_b,20241104,177.0,INTERIOR_OTHER,-7.070362846591266,S4,S2,,S2,0,1,,2
2024.11.04startup_b,startup_b,20241104,317.0,TRANSITION,4.673029461639835,S3,S2,S2,S2,0,1,1.0,2
2024.11.04startup_b,startup_b,20241104,569.0,INTERIOR_OTHER,7.448118753392066,S1,S2,,S2,0,1,,2
2024.11.04startup_b,startup_b,20241104,586.0,INTERIOR_HANDOFF,8.44456280021906,S4,S4,S4,S2,0,0,0.0,2
2024.11.04startup_b,startup_b,20241104,621.0,TRANSITION,19.329441945533652,S4,S4,S1,S2,0,0,0.0,2
2024.11.04startup_b,startup_b,20241104,698.0,INTERIOR_OTHER,0.3238265278469399,S3,S4,S3,S2,0,0,0.0,2
2024.11.04startup_b,startup_b,20241104,838.0,INTERIOR_HANDOFF,8.33003092730781,S2,S2,,S2,1,1,,2
2024.11.04startup_b,startup_b,20241104,997.0,TRANSITION,-6.156236223855906,S2,S2,,S2,1,1,,2
2024.11.04startup_b,startup_b,20241104,1239.0,INTERIOR_HANDOFF,2.3057352914792943,S3,S1,S3,S2,0,0,0.0,2
2024.11.04startup_b,startup_b,20241104,1562.0,INTERIOR_HANDOFF,12.02452580606434,S2,S3,S2,S2,1,0,1.0,2
2024.11.04startup_b,startup_b,20241104,1751.0,TRANSITION,20.268062709090017,S1,S3,,S2,0,0,,2
2024.11.04startup_b,startup_b,20241104,1946.0,INTERIOR_OTHER,16.219121020518067,S3,S3,S3,S2,0,0,0.0,2
2024.11.04startup_b,startup_b,20241104,2082.0,TRANSITION,-2.2970115512562614,S1,S3,S1,S2,0,0,0.0,2
2024.11.04startup_b,startup_b,20241104,2447.0,TRANSITION,10.705007158212133,S3,S2,S3,S2,0,1,0.0,2
2024.11.04startup_b,startup_b,20241104,2722.0,INTERIOR_HANDOFF,15.295756465264638,S3,S2,,S2,0,1,,2
2024.11.04startup_b,startup_b,20241104,2813.0,INTERIOR_OTHER,2.234893994565816,S2,S3,S3,S2,1,0,0.0,2
2024.11.04startup_b,startup_b,20241104,2832.0,TRANSITION,11.563072584786894,S2,S3,,S2,1,0,,2
2024.11.04startup_b,startup_b,20241104,3015.0,INTERIOR_HANDOFF,4.518978077700652,S2,S3,,S2,1,0,,2
2024.11.04startup_b,startup_b,20241104,3287.0,TRANSITION,10.33455827227268,S1,S1,,S2,0,0,,2
2024.11.04startup_b,startup_b,20241104,3359.0,INTERIOR_HANDOFF,6.670928092636515,S1,S1,S1,S2,0,0,0.0,2
2024.11.04startup_b,startup_b,20241104,4847.0,INTERIOR_OTHER,13.386878291573858,S3,S2,,S2,0,1,,2
2024.11.04startup_b,startup_b,20241104,4875.0,TRANSITION,5.0165180020535445,S1,S1,S1,S2,0,0,0.0,2
2024.11.04startup_b,startup_b,20241104,4902.0,TRANSITION,4.417814082916827,S1,S3,S2,S2,0,0,1.0,2
2024.11.04startup_b,startup_b,20241104,4933.0,TRANSITION,-11.81788957399872,S3,S3,,S2,0,0,,2
2024.11.11startup_b,startup_b,20241111,66.0,TRANSITION,19.828587559119086,S2,S1,S1,S2,1,0,0.0,3
2024.11.11startup_b,startup_b,20241111,303.0,TRANSITION,10.52625576082896,S4,S1,,S2,0,0,,3
2024.11.11startup_b,startup_b,20241111,334.0,TRANSITION,27.016076545466177,S1,S4,S1,S2,0,0,0.0,3
2024.11.11startup_b,startup_b,20241111,352.0,TRANSITION,21.277984551785927,S1,S2,S2,S2,0,1,1.0,3
2024.11.11startup_b,startup_b,20241111,406.0,TRANSITION,29.64114282051544,S1,S1,,S2,0,0,,3
2024.11.11startup_b,startup_b,20241111,450.0,INTERIOR_HANDOFF,21.461434671068112,S3,S4,S4,S2,0,0,0.0,3
2024.11.11startup_b,startup_b,20241111,505.0,TRANSITION,22.995963920783225,S4,S3,S2,S2,0,0,1.0,3
2024.11.11startup_b,startup_b,20241111,669.0,INTERIOR_HANDOFF,23.114230712277383,S4,S2,,S2,0,1,,3
2024.11.11startup_b,startup_b,20241111,776.0,TRANSITION,25.177556565915147,S2,S1,S4,S2,1,0,0.0,3
2024.11.11startup_b,startup_b,20241111,792.0,TRANSITION,25.508875523398096,S2,S4,,S2,1,0,,3
2024.11.11startup_b,startup_b,20241111,936.0,INTERIOR_HANDOFF,22.957655393845535,S1,S3,S1,S2,0,0,0.0,3
2024.11.11startup_b,startup_b,20241111,1187.0,INTERIOR_HANDOFF,22.512594731748173,S3,S3,S1,S2,0,0,0.0,3
2024.11.11startup_b,startup_b,20241111,1306.0,TRANSITION,24.187782239390863,S4,S2,,S2,0,1,,3
2024.11.11startup_b,startup_b,20241111,1360.0,TRANSITION,18.600237441862348,S2,S2,S4,S2,1,1,0.0,3
2024.11.11startup_b,startup_b,20241111,1396.0,TRANSITION,27.737086183102377,S2,S4,S4,S2,1,0,0.0,3
2024.11.11startup_b,startup_b,20241111,1563.0,INTERIOR_OTHER,31.916650734341133,S4,S4,S3,S2,0,0,0.0,3
2024.11.11startup_b,startup_b,20241111,2140.0,INTERIOR_HANDOFF,10.036889085710413,S1,S1,S1,S2,0,0,0.0,3
2024.11.11startup_b,startup_b,20241111,2650.0,TRANSITION,19.344177599815808,S3,S2,S2,S2,0,1,1.0,3
2024.11.11startup_b,startup_b,20241111,2708.0,INTERIOR_HANDOFF,20.25917914834848,S3,S4,S4,S2,0,0,0.0,3
2024.11.11startup_b,startup_b,20241111,2817.0,TRANSITION,18.9117226954369,S1,S3,S3,S2,0,0,0.0,3
2024.11.11startup_b,startup_b,20241111,2890.0,INTERIOR_HANDOFF,14.344323995974499,S2,S3,,S2,1,0,,3
2024.11.11startup_b,startup_b,20241111,3677.0,INTERIOR_OTHER,-2.816362524964177,S4,S3,,S2,0,0,,3
2024.11.11startup_b,startup_b,20241111,3879.0,TRANSITION,12.708907050361788,S3,S1,S1,S2,0,0,0.0,3
2024.11.11startup_b,startup_b,20241111,3970.0,TRANSITION,1.9237772246874556,S4,S1,,S2,0,0,,3
2024.11.11startup_b,startup_b,20241111,4023.0,INTERIOR_HANDOFF,9.461823893939957,S3,S4,,S2,0,0,,3
2024.11.11startup_b,startup_b,20241111,4136.0,TRANSITION,14.288033534612417,S1,S4,S1,S2,0,0,0.0,3
2024.11.11startup_b,startup_b,20241111,4234.0,TRANSITION,4.198511780891167,S3,S4,,S2,0,0,,3
2024.11.11startup_b,startup_b,20241111,5174.0,TRANSITION,19.03877892792675,S3,S2,,S2,0,1,,3
2024.11.11startup_b,startup_b,20241111,5244.0,TRANSITION,1.6193354592939215,S3,S2,,S2,0,1,,3
2024.11.11startup_b,startup_b,20241111,5456.0,INTERIOR_HANDOFF,22.525796948101103,S3,S4,,S2,0,0,,3
2024.11.18startup_b,startup_b,20241118,60.0,TRANSITION,7.312030971752449,S3,S3,,S2,0,0,,4
2024.11.18startup_b,startup_b,20241118,98.0,TRANSITION,3.8985251663835996,S1,S2,,S2,0,1,,4
2024.11.18startup_b,startup_b,20241118,181.0,INTERIOR_OTHER,16.109560960361293,S2,S4,S4,S2,1,0,0.0,4
2024.11.18startup_b,startup_b,20241118,193.0,INTERIOR_HANDOFF,8.680318844557746,S1,S4,,S2,0,0,,4
2024.11.18startup_b,startup_b,20241118,214.0,INTERIOR_OTHER,-3.6706149930107976,S3,S3,,S2,0,0,,4
2024.11.18startup_b,startup_b,20241118,273.0,INTERIOR_OTHER,1.8755576734580615,S4,S3,S3,S2,0,0,0.0,4
2024.11.18startup_b,startup_b,20241118,310.0,TRANSITION,25.754223528470128,S3,S3,,S2,0,0,,4
2024.11.18startup_b,startup_b,20241118,609.0,TRANSITION,19.89982451306122,S4,S2,,S2,0,1,,4
2024.11.18startup_b,startup_b,20241118,661.0,TRANSITION,24.37248941360403,S1,S1,S1,S2,0,0,0.0,4
2024.11.18startup_b,startup_b,20241118,816.0,INTERIOR_HANDOFF,31.29650903818812,S4,S3,S3,S2,0,0,0.0,4
2024.11.18startup_b,startup_b,20241118,1517.0,TRANSITION,22.649251118556748,S3,S4,S1,S2,0,0,0.0,4
2024.11.18startup_b,startup_b,20241118,1643.0,INTERIOR_OTHER,21.105325638185704,S2,S4,S3,S2,1,0,0.0,4
2024.11.18startup_b,startup_b,20241118,1889.0,TRANSITION,23.860353966435113,S2,S4,,S2,1,0,,4
2024.11.18startup_b,startup_b,20241118,1950.0,INTERIOR_OTHER,4.00939015975554,S4,S1,,S2,0,0,,4
2024.11.18startup_b,startup_b,20241118,2033.0,INTERIOR_HANDOFF,26.35497793009555,S4,S2,S2,S2,0,1,1.0,4
2024.11.18startup_b,startup_b,20241118,2094.0,TRANSITION,3.9007019864298087,S2,S2,,S2,1,1,,4
2024.11.18startup_b,startup_b,20241118,2546.0,INTERIOR_OTHER,16.92744915599954,S4,S3,S1,S2,0,0,0.0,4
2024.11.18startup_b,startup_b,20241118,2608.0,INTERIOR_OTHER,15.085610789514618,S4,S1,,S2,0,0,,4
2024.11.18startup_b,startup_b,20241118,2694.0,TRANSITION,8.460732122986855,S4,S4,S4,S2,0,0,0.0,4
2024.11.18startup_b,startup_b,20241118,2712.0,INTERIOR_OTHER,10.051635149043662,S2,S2,,S2,1,1,,4
2024.11.18startup_b,startup_b,20241118,2763.0,TRANSITION,20.007434625580558,S2,S3,,S2,1,0,,4
2024.11.18startup_b,startup_b,20241118,3003.0,INTERIOR_OTHER,3.8849319492585863,S3,S3,,S2,0,0,,4
2024.11.18startup_b,startup_b,20241118,3579.0,INTERIOR_HANDOFF,27.09691431075494,S1,S3,,S2,0,0,,4
2024.11.18startup_b,startup_b,20241118,4054.0,INTERIOR_OTHER,6.063191131892303,S3,S3,,S2,0,0,,4
2024.11.18startup_b,startup_b,20241118,4067.0,INTERIOR_HANDOFF,-1.0722735296445762,S4,S3,S4,S2,0,0,0.0,4
2024.11.18startup_b,startup_b,20241118,5251.0,INTERIOR_HANDOFF,19.08074721469695,S3,S2,S3,S2,0,1,0.0,4
2024.12.02startup_b,startup_b,20241202,130.0,TRANSITION,-23.67847215078296,S1,S2,S2,S2,0,1,1.0,5
2024.12.02startup_b,startup_b,20241202,792.0,TRANSITION,6.4214577687558005,S2,S2,S3,S2,1,1,0.0,5
2024.12.02startup_b,startup_b,20241202,1204.0,TRANSITION,-1.8707912661556918,S4,S3,S1,S2,0,0,0.0,5
2024.12.02startup_b,startup_b,20241202,1245.0,TRANSITION,22.747480732525318,S1,S2,S2,S2,0,1,1.0,5
2024.12.02startup_b,startup_b,20241202,1331.0,INTERIOR_OTHER,11.572017167522446,S2,S2,S3,S2,1,1,0.0,5
2024.12.02startup_b,startup_b,20241202,1469.0,TRANSITION,6.4761085731280446,S1,S1,,S2,0,0,,5
2024.12.02startup_b,startup_b,20241202,1672.0,TRANSITION,4.8153513227166584,S3,S4,S1,S2,0,0,0.0,5
2024.12.02startup_b,startup_b,20241202,1848.0,TRANSITION,14.321281298929549,S1,S4,,S2,0,0,,5
2024.12.02startup_b,startup_b,20241202,1912.0,INTERIOR_OTHER,-6.818458939858161,S4,S1,S1,S2,0,0,0.0,5
2024.12.02startup_b,startup_b,20241202,2148.0,TRANSITION,8.402136857579492,S3,S3,S2,S2,0,0,1.0,5
2024.12.02startup_b,startup_b,20241202,2767.0,TRANSITION,5.9459497576683376,S1,S2,S2,S2,0,1,1.0,5
2024.12.02startup_b,startup_b,20241202,2919.0,INTERIOR_HANDOFF,21.832719283610388,S3,S4,,S2,0,0,,5
2024.12.02startup_b,startup_b,20241202,2952.0,INTERIOR_HANDOFF,22.129999001122442,S3,S2,S2,S2,0,1,1.0,5
2024.12.02startup_b,startup_b,20241202,3613.0,TRANSITION,2.916009930652706,S1,S3,S2,S2,0,0,1.0,5
2024.12.02startup_b,startup_b,20241202,4005.0,TRANSITION,11.77845783690384,S4,S3,,S2,0,0,,5
2024.12.02startup_b,startup_b,20241202,4222.0,TRANSITION,7.692023830847603,S4,S4,S2,S2,0,0,1.0,5
2024.12.02startup_b,startup_b,20241202,4336.0,TRANSITION,2.5711522741699113,S3,S2,S2,S2,0,1,1.0,5
2024.12.02startup_b,startup_b,20241202,4406.0,INTERIOR_HANDOFF,-5.18002027321787,S2,S1,S2,S2,1,0,1.0,5
2024.12.02startup_b,startup_b,20241202,4720.0,INTERIOR_OTHER,-9.683444620321922,S3,S2,S2,S2,0,1,1.0,5
2024.12.02startup_b,startup_b,20241202,4973.0,INTERIOR_HANDOFF,-3.068237910578091,S2,S2,S1,S2,1,1,0.0,5
2024.12.02startup_b,startup_b,20241202,5050.0,TRANSITION,9.553388407195882,S3,S2,,S2,0,1,,5
2024.12.02startup_b,startup_b,20241202,5061.0,TRANSITION,-0.6400700414633889,S2,S3,,S2,1,0,,5
2024.12.02startup_b,startup_b,20241202,5151.0,TRANSITION,18.922061070366723,S4,S1,S1,S2,0,0,0.0,5
2024.12.02startup_b,startup_b,20241202,5277.0,TRANSITION,1.2435262979031307,S1,S3,,S2,0,0,,5
2024.12.02startup_b,startup_b,20241202,5326.0,TRANSITION,9.740128135657045,S4,S3,,S2,0,0,,5
2024.12.16startup_b,startup_b,20241216,239.0,INTERIOR_OTHER,-0.09406292886529855,S1,S2,,S2,0,1,,6
2024.12.16startup_b,startup_b,20241216,285.0,TRANSITION,1.5806823653346171,S1,S2,,S2,0,1,,6
2024.12.16startup_b,startup_b,20241216,376.0,TRANSITION,0.8436952799323834,S2,S2,,S2,1,1,,6
2024.12.16startup_b,startup_b,20241216,533.0,INTERIOR_HANDOFF,16.708703209898736,S1,S3,S1,S2,0,0,0.0,6
2024.12.16startup_b,startup_b,20241216,689.0,TRANSITION,9.45708121115495,S1,S2,S2,S2,0,1,1.0,6
2024.12.16startup_b,startup_b,20241216,997.0,TRANSITION,12.930860687078514,S4,S2,,S2,0,1,,6
2024.12.16startup_b,startup_b,20241216,1122.0,TRANSITION,14.044813356412341,S4,S3,,S2,0,0,,6
2024.12.16startup_b,startup_b,20241216,1304.0,TRANSITION,18.89064373566692,S2,S2,S2,S2,1,1,1.0,6
2024.12.16startup_b,startup_b,20241216,2074.0,TRANSITION,5.034355353029284,S3,S1,,S2,0,0,,6
2024.12.16startup_b,startup_b,20241216,2182.0,INTERIOR_OTHER,10.627085946939623,S1,S1,,S2,0,0,,6
2024.12.16startup_b,startup_b,20241216,2234.0,INTERIOR_HANDOFF,2.608565345165367,S2,S4,,S2,1,0,,6
2024.12.16startup_b,startup_b,20241216,2702.0,TRANSITION,15.063952175326584,S2,S3,S3,S2,1,0,0.0,6
2024.12.16startup_b,startup_b,20241216,2771.0,INTERIOR_HANDOFF,16.98355695235825,S2,S3,,S2,1,0,,6
2024.12.16startup_b,startup_b,20241216,2874.0,INTERIOR_HANDOFF,13.280606707333398,S2,S1,S1,S2,1,0,0.0,6
2024.12.16startup_b,startup_b,20241216,3026.0,TRANSITION,7.247891892375058,S1,S1,,S2,0,0,,6
2024.12.16startup_b,startup_b,20241216,3049.0,INTERIOR_HANDOFF,9.72750512867642,S1,S3,S1,S2,0,0,0.0,6
2024.12.16startup_b,startup_b,20241216,3183.0,TRANSITION,26.458600502859333,S3,S1,S1,S2,0,0,0.0,6
2024.12.16startup_b,startup_b,20241216,3343.0,INTERIOR_HANDOFF,17.969375930852898,S3,S1,S1,S2,0,0,0.0,6
2024.12.16startup_b,startup_b,20241216,3417.0,TRANSITION,5.01515063347842,S4,S3,,S2,0,0,,6
2024.12.16startup_b,startup_b,20241216,3462.0,TRANSITION,10.613193319933536,S2,S3,,S2,1,0,,6
2024.12.16startup_b,startup_b,20241216,3573.0,INTERIOR_OTHER,12.593636754381897,S1,S1,,S2,0,0,,6
2024.12.16startup_b,startup_b,20241216,3648.0,TRANSITION,18.438890267936493,S3,S1,S1,S2,0,0,0.0,6
2024.12.16startup_b,startup_b,20241216,3674.0,TRANSITION,17.122070779251636,S4,S3,S4,S2,0,0,0.0,6
2024.12.16startup_b,startup_b,20241216,3707.0,INTERIOR_OTHER,-1.8960320120776757,S3,S1,S1,S2,0,0,0.0,6
2024.12.16startup_b,startup_b,20241216,3935.0,INTERIOR_OTHER,-0.6137479439499245,S1,S1,,S2,0,0,,6
2024.12.16startup_b,startup_b,20241216,4128.0,TRANSITION,8.795913324854247,S1,S3,S1,S2,0,0,0.0,6
2024.12.16startup_b,startup_b,20241216,4962.0,TRANSITION,26.625831063324632,S1,S1,S1,S2,0,0,0.0,6
2024.12.16startup_b,startup_b,20241216,4976.0,TRANSITION,27.598912024869215,S3,S2,,S2,0,1,,6
2024.12.16startup_b,startup_b,20241216,5051.0,TRANSITION,15.450372118043973,S2,S2,S1,S2,1,1,0.0,6
2024.12.16startup_b,startup_b,20241216,5220.0,INTERIOR_OTHER,14.329856638771822,S3,S3,,S2,0,0,,6
2024.12.23startup_b,startup_b,20241223,66.0,INTERIOR_HANDOFF,-6.226307038347194,S2,S2,,S2,1,1,,7
2024.12.23startup_b,startup_b,20241223,130.0,TRANSITION,6.772893488055118,S2,S3,,S2,1,0,,7
2024.12.23startup_b,startup_b,20241223,326.0,TRANSITION,9.121007914222915,S3,S1,,S2,0,0,,7
2024.12.23startup_b,startup_b,20241223,401.0,INTERIOR_HANDOFF,5.197174834913426,S3,S3,S3,S2,0,0,0.0,7
2024.12.23startup_b,startup_b,20241223,489.0,TRANSITION,0.9697655172809121,S1,S3,S3,S2,0,0,0.0,7
2024.12.23startup_b,startup_b,20241223,635.0,INTERIOR_HANDOFF,13.663909908853228,S2,S1,S1,S2,1,0,0.0,7
2024.12.23startup_b,startup_b,20241223,678.0,TRANSITION,9.526023374626618,S2,S2,,S2,1,1,,7
2024.12.23startup_b,startup_b,20241223,882.0,TRANSITION,-2.15439662351152,S2,S2,S3,S2,1,1,0.0,7
2024.12.23startup_b,startup_b,20241223,1379.0,INTERIOR_HANDOFF,4.579543996772863,S3,S1,S1,S2,0,0,0.0,7
2024.12.23startup_b,startup_b,20241223,1402.0,INTERIOR_HANDOFF,19.605817992810586,S1,S3,,S2,0,0,,7
2024.12.23startup_b,startup_b,20241223,1441.0,INTERIOR_HANDOFF,20.13454202999,S3,S3,S1,S2,0,0,0.0,7
2024.12.23startup_b,startup_b,20241223,1513.0,TRANSITION,21.531879094697928,S2,S2,,S2,1,1,,7
2024.12.23startup_b,startup_b,20241223,1739.0,TRANSITION,-2.0384850144439817,S1,S2,,S2,0,1,,7
2024.12.23startup_b,startup_b,20241223,1851.0,TRANSITION,13.845480807664302,S1,S1,S1,S2,0,0,0.0,7
2024.12.23startup_b,startup_b,20241223,2214.0,INTERIOR_OTHER,15.28932488272551,S2,S1,,S2,1,0,,7
2024.12.23startup_b,startup_b,20241223,2819.0,TRANSITION,15.094277705951924,S4,S2,,S2,0,1,,7
2024.12.23startup_b,startup_b,20241223,2839.0,TRANSITION,23.441548272993842,S2,S2,S2,S2,1,1,1.0,7
2024.12.23startup_b,startup_b,20241223,2850.0,INTERIOR_OTHER,20.88604624745266,S1,S1,S1,S2,0,0,0.0,7
2024.12.23startup_b,startup_b,20241223,3507.0,TRANSITION,7.812077404095909,S2,S1,,S2,1,0,,7
2024.12.23startup_b,startup_b,20241223,3581.0,TRANSITION,22.632815293379196,S4,S1,S1,S2,0,0,0.0,7
2024.12.23startup_b,startup_b,20241223,3783.0,TRANSITION,16.647378223255338,S4,S4,,S2,0,0,,7
2024.12.23startup_b,startup_b,20241223,4416.0,INTERIOR_OTHER,5.253040660816815,S1,S1,,S2,0,0,,7
2024.12.23startup_b,startup_b,20241223,4475.0,INTERIOR_HANDOFF,8.570928303728039,S2,S2,,S2,1,1,,7
2024.12.23startup_b,startup_b,20241223,4524.0,TRANSITION,-2.4297063978016418,S2,S2,,S2,1,1,,7
2024.12.23startup_b,startup_b,20241223,4655.0,INTERIOR_OTHER,27.022784231805666,S1,S4,S1,S2,0,0,0.0,7
2024.12.23startup_b,startup_b,20241223,4782.0,TRANSITION,23.833280917347295,S1,S2,S2,S2,0,1,1.0,7
2024.12.23startup_b,startup_b,20241223,4979.0,INTERIOR_OTHER,13.3898749022515,S1,S3,S1,S2,0,0,0.0,7
2024.12.23startup_b,startup_b,20241223,5035.0,TRANSITION,24.65503201061064,S1,S1,,S2,0,0,,7
2024.12.23startup_b,startup_b,20241223,5329.0,TRANSITION,18.00166694750125,S4,S1,S2,S2,0,0,1.0,7
2024.12.23startup_b,startup_b,20241223,5455.0,INTERIOR_HANDOFF,14.047606126497229,S1,S3,,S2,0,0,,7
2025.01.06startup_b,startup_b,20250106,465.0,TRANSITION,0.9515640717146852,S1,S1,,S2,0,0,,8
2025.01.06startup_b,startup_b,20250106,544.0,INTERIOR_HANDOFF,44.896578853135615,S1,S1,,S2,0,0,,8
2025.01.06startup_b,startup_b,20250106,563.0,INTERIOR_HANDOFF,41.775778534742365,S2,S1,S1,S2,1,0,0.0,8
2025.01.06startup_b,startup_b,20250106,680.0,TRANSITION,13.269854565959271,S1,S2,S1,S2,0,1,0.0,8
2025.01.06startup_b,startup_b,20250106,728.0,TRANSITION,19.479310841208907,S3,S2,,S2,0,1,,8
2025.01.06startup_b,startup_b,20250106,749.0,TRANSITION,19.89706192809615,S2,S2,S3,S2,1,1,0.0,8
2025.01.06startup_b,startup_b,20250106,794.0,TRANSITION,11.393037422437601,S1,S3,,S2,0,0,,8
2025.01.06startup_b,startup_b,20250106,830.0,TRANSITION,3.520455852795685,S3,S3,,S2,0,0,,8
2025.01.06startup_b,startup_b,20250106,1098.0,TRANSITION,5.493271729574083,S1,S2,S2,S2,0,1,1.0,8
2025.01.06startup_b,startup_b,20250106,1108.0,TRANSITION,-6.06952182803213,S2,S1,S1,S2,1,0,0.0,8
2025.01.06startup_b,startup_b,20250106,1593.0,TRANSITION,13.075039123275914,S3,S3,,S2,0,0,,8
2025.01.06startup_b,startup_b,20250106,1617.0,TRANSITION,0.0005475450553902306,S3,S2,,S2,0,1,,8
2025.01.06startup_b,startup_b,20250106,1641.0,TRANSITION,6.512453735416294,S2,S3,S3,S2,1,0,0.0,8
2025.01.06startup_b,startup_b,20250106,1675.0,INTERIOR_OTHER,-17.566478056122232,S3,S3,,S2,0,0,,8
2025.01.06startup_b,startup_b,20250106,1811.0,TRANSITION,-9.580875482128356,S3,S3,,S2,0,0,,8
2025.01.06startup_b,startup_b,20250106,1901.0,TRANSITION,35.157514152954626,S2,S2,S2,S2,1,1,1.0,8
2025.01.06startup_b,startup_b,20250106,1925.0,TRANSITION,35.54416118246396,S1,S1,,S2,0,0,,8
2025.01.06startup_b,startup_b,20250106,2182.0,INTERIOR_HANDOFF,13.475799065445521,S3,S3,,S2,0,0,,8
2025.01.06startup_b,startup_b,20250106,2397.0,INTERIOR_OTHER,7.341047116386754,S3,S1,,S2,0,0,,8
2025.01.06startup_b,startup_b,20250106,2852.0,TRANSITION,43.250271784231764,S2,S3,,S2,1,0,,8
2025.01.06startup_b,startup_b,20250106,3108.0,INTERIOR_HANDOFF,29.436880791782322,S2,S3,,S2,1,0,,8
2025.01.06startup_b,startup_b,20250106,3146.0,TRANSITION,19.863525306066627,S3,S3,S3,S2,0,0,0.0,8
2025.01.06startup_b,startup_b,20250106,3165.0,TRANSITION,33.4952862247434,S1,S1,,S2,0,0,,8
2025.01.06startup_b,startup_b,20250106,3241.0,INTERIOR_HANDOFF,-0.09466249049258835,S2,S3,S2,S2,1,0,1.0,8
2025.01.06startup_b,startup_b,20250106,3287.0,INTERIOR_HANDOFF,32.86273690327133,S1,S1,,S2,0,0,,8
2025.01.06startup_b,startup_b,20250106,3878.0,INTERIOR_OTHER,28.070806890590013,S3,S1,,S2,0,0,,8
2025.01.06startup_b,startup_b,20250106,3914.0,TRANSITION,38.78853928940756,S3,S2,S3,S2,0,1,0.0,8
2025.01.06startup_b,startup_b,20250106,4317.0,TRANSITION,16.89763572357402,S3,S1,,S2,0,0,,8
2025.01.06startup_b,startup_b,20250106,4806.0,INTERIOR_HANDOFF,17.364814652604785,S1,S1,,S2,0,0,,8
2025.01.06startup_b,startup_b,20250106,4831.0,INTERIOR_HANDOFF,19.41366535093828,S1,S3,S1,S2,0,0,0.0,8
2025.01.06startup_b,startup_b,20250106,4874.0,TRANSITION,4.228662170725279,S1,S3,S1,S2,0,0,0.0,8
2025.01.06startup_b,startup_b,20250106,5502.0,INTERIOR_OTHER,2.3299462167126492,S3,S3,,S2,0,0,,8
2025.01.06startup_b,startup_b,20250106,5603.0,INTERIOR_OTHER,-0.50528349223287,S2,S3,,S2,1,0,,8
2025.01.13startup_b,startup_b,20250113,114.0,TRANSITION,11.012387585994642,S1,S1,,S2,0,0,,9
2025.01.13startup_b,startup_b,20250113,169.0,TRANSITION,15.659713190814767,S1,S3,S3,S2,0,0,0.0,9
2025.01.13startup_b,startup_b,20250113,201.0,TRANSITION,21.942290618896134,S1,S3,,S2,0,0,,9
2025.01.13startup_b,startup_b,20250113,242.0,TRANSITION,13.310211126797004,S2,S2,S4,S2,1,1,0.0,9
2025.01.13startup_b,startup_b,20250113,380.0,INTERIOR_OTHER,19.460077992675327,S3,S2,S3,S2,0,1,0.0,9
2025.01.13startup_b,startup_b,20250113,408.0,TRANSITION,18.28148668390754,S3,S4,,S2,0,0,,9
2025.01.13startup_b,startup_b,20250113,439.0,TRANSITION,4.566872654482506,S4,S2,S4,S2,0,1,0.0,9
2025.01.13startup_b,startup_b,20250113,628.0,INTERIOR_HANDOFF,19.692882536281612,S1,S4,S1,S2,0,0,0.0,9
2025.01.13startup_b,startup_b,20250113,656.0,INTERIOR_OTHER,24.94119118124159,S3,S3,S3,S2,0,0,0.0,9
2025.01.13startup_b,startup_b,20250113,977.0,TRANSITION,18.003267148374743,S1,S2,S1,S2,0,1,0.0,9
2025.01.13startup_b,startup_b,20250113,1017.0,TRANSITION,13.057480911711924,S2,S2,,S2,1,1,,9
2025.01.13startup_b,startup_b,20250113,1123.0,INTERIOR_OTHER,28.54784764087726,S1,S1,,S2,0,0,,9
2025.01.13startup_b,startup_b,20250113,1423.0,TRANSITION,4.99738757801418,S4,S4,S4,S2,0,0,0.0,9
2025.01.13startup_b,startup_b,20250113,1692.0,TRANSITION,25.6579215146653,S3,S1,,S2,0,0,,9
2025.01.13startup_b,startup_b,20250113,1723.0,TRANSITION,20.539921087485123,S3,S3,,S2,0,0,,9
2025.01.13startup_b,startup_b,20250113,1787.0,TRANSITION,15.48444271509636,S2,S4,S3,S2,1,0,0.0,9
2025.01.13startup_b,startup_b,20250113,1918.0,INTERIOR_HANDOFF,15.382472551884316,S3,S4,S3,S2,0,0,0.0,9
2025.01.13startup_b,startup_b,20250113,2197.0,TRANSITION,22.833764281249966,S2,S1,S1,S2,1,0,0.0,9
2025.01.13startup_b,startup_b,20250113,2316.0,TRANSITION,19.001957640896993,S4,S1,S1,S2,0,0,0.0,9
2025.01.13startup_b,startup_b,20250113,3653.0,INTERIOR_OTHER,2.669756523578343,S1,S1,S1,S2,0,0,0.0,9
2025.01.13startup_b,startup_b,20250113,3683.0,TRANSITION,5.719033599003577,S2,S2,S1,S2,1,1,0.0,9
2025.01.13startup_b,startup_b,20250113,4040.0,INTERIOR_OTHER,9.844067821523819,S2,S1,,S2,1,0,,9
2025.01.13startup_b,startup_b,20250113,4082.0,TRANSITION,10.974751402730593,S1,S2,S1,S2,0,1,0.0,9
2025.01.13startup_b,startup_b,20250113,4276.0,TRANSITION,13.434889763111922,S1,S2,S1,S2,0,1,0.0,9
2025.01.13startup_b,startup_b,20250113,4381.0,TRANSITION,9.407585007113862,S2,S1,S2,S2,1,0,1.0,9
2025.01.13startup_b,startup_b,20250113,4437.0,INTERIOR_HANDOFF,15.06837155945615,S2,S1,,S2,1,0,,9
2025.01.13startup_b,startup_b,20250113,4634.0,INTERIOR_OTHER,19.538625569397677,S4,S1,S4,S2,0,0,0.0,9
2025.02.10startup_b,startup_b,20250210,70.0,TRANSITION,-9.765457644221726,S2,S1,,S2,1,0,,10
2025.02.10startup_b,startup_b,20250210,145.0,TRANSITION,4.542485776692111,S1,S1,,S2,0,0,,10
2025.02.10startup_b,startup_b,20250210,224.0,INTERIOR_OTHER,22.665999743345132,S3,S3,S3,S2,0,0,0.0,10
2025.02.10startup_b,startup_b,20250210,318.0,TRANSITION,11.833054522201643,S3,S3,,S2,0,0,,10
2025.02.10startup_b,startup_b,20250210,637.0,INTERIOR_OTHER,25.394753469006012,S3,S2,S3,S2,0,1,0.0,10
2025.02.10startup_b,startup_b,20250210,1526.0,TRANSITION,9.0350145726375,S2,S2,,S2,1,1,,10
2025.02.10startup_b,startup_b,20250210,1959.0,TRANSITION,18.768546164325663,S2,S3,,S2,1,0,,10
2025.02.10startup_b,startup_b,20250210,2016.0,TRANSITION,26.09946364675752,S1,S3,S1,S2,0,0,0.0,10
2025.02.10startup_b,startup_b,20250210,3201.0,INTERIOR_HANDOFF,18.015336584182897,S2,S2,S3,S2,1,1,0.0,10
2025.02.10startup_b,startup_b,20250210,3236.0,TRANSITION,32.044583299798,S3,S2,,S2,0,1,,10
2025.02.10startup_b,startup_b,20250210,3297.0,INTERIOR_OTHER,0.37099379461590587,S3,S1,S1,S2,0,0,0.0,10
2025.02.10startup_b,startup_b,20250210,3355.0,INTERIOR_OTHER,-2.6070727619385323,S1,S1,S1,S2,0,0,0.0,10
2025.02.10startup_b,startup_b,20250210,3509.0,INTERIOR_HANDOFF,29.007938399637702,S2,S1,S1,S2,1,0,0.0,10
2025.02.10startup_b,startup_b,20250210,4568.0,TRANSITION,-1.732446046876042,S1,S1,,S2,0,0,,10
2025.02.10startup_b,startup_b,20250210,4626.0,INTERIOR_OTHER,-14.923456921832972,S1,S1,,S2,0,0,,10
2025.02.10startup_b,startup_b,20250210,4763.0,TRANSITION,-7.366344817983382,S1,S1,,S2,0,0,,10
2025.02.10startup_b,startup_b,20250210,5151.0,INTERIOR_OTHER,7.517471654418962,S2,S1,S1,S2,1,0,0.0,10
2025.02.10startup_b,startup_b,20250210,5334.0,TRANSITION,20.812120065992637,S3,S2,S1,S2,0,1,0.0,10
2025.02.10startup_b,startup_b,20250210,5366.0,TRANSITION,33.663832156737435,S1,S3,S1,S2,0,0,0.0,10
2025.02.24startup_b,startup_b,20250224,73.0,TRANSITION,21.18344542297665,S3,S1,S3,S2,0,0,0.0,11
2025.02.24startup_b,startup_b,20250224,115.0,TRANSITION,17.926941100192277,S4,S2,S2,S2,0,1,1.0,11
2025.02.24startup_b,startup_b,20250224,255.0,INTERIOR_HANDOFF,20.231056780150045,S4,S1,,S2,0,0,,11
2025.02.24startup_b,startup_b,20250224,543.0,TRANSITION,8.893377132012585,S3,S2,,S2,0,1,,11
2025.02.24startup_b,startup_b,20250224,786.0,INTERIOR_OTHER,8.843418583142704,S1,S1,S3,S2,0,0,0.0,11
2025.02.24startup_b,startup_b,20250224,966.0,TRANSITION,21.5604718323639,S2,S3,S2,S2,1,0,1.0,11
2025.02.24startup_b,startup_b,20250224,1790.0,TRANSITION,16.762845531674063,S1,S3,,S2,0,0,,11
2025.02.24startup_b,startup_b,20250224,1834.0,TRANSITION,24.511347596745455,S1,S1,S1,S2,0,0,0.0,11
2025.02.24startup_b,startup_b,20250224,1854.0,TRANSITION,22.75714971070668,S1,S1,S1,S2,0,0,0.0,11
2025.02.24startup_b,startup_b,20250224,2529.0,INTERIOR_OTHER,1.5414565771537347,S3,S3,,S2,0,0,,11
2025.02.24startup_b,startup_b,20250224,2757.0,INTERIOR_HANDOFF,23.593513367969837,S1,S2,,S2,0,1,,11
2025.02.24startup_b,startup_b,20250224,3126.0,INTERIOR_OTHER,3.4839213698068754,S3,S3,S3,S2,0,0,0.0,11
2025.02.24startup_b,startup_b,20250224,3862.0,TRANSITION,6.97861290794577,S2,S2,,S2,1,1,,11
2025.02.24startup_b,startup_b,20250224,4138.0,TRANSITION,4.855254242421136,S2,S2,S2,S2,1,1,1.0,11
2025.02.24startup_b,startup_b,20250224,4420.0,INTERIOR_HANDOFF,14.315603258538548,S3,S2,,S2,0,1,,11
2025.02.24startup_b,startup_b,20250224,4502.0,INTERIOR_OTHER,8.373585379860433,S2,S3,S2,S2,1,0,1.0,11
2025.03.17startup_b,startup_b,20250317,331.0,TRANSITION,-0.20811363040936826,S2,S1,S1,S2,1,0,0.0,12
2025.03.17startup_b,startup_b,20250317,1026.0,TRANSITION,0.29558882101105155,S1,S1,,S2,0,0,,12
2025.03.17startup_b,startup_b,20250317,2936.0,TRANSITION,14.14180315753093,S5,S2,S5,S2,0,1,0.0,12
2025.03.17startup_b,startup_b,20250317,3229.0,INTERIOR_OTHER,12.195823511065818,S2,S5,,S2,1,0,,12
2025.03.17startup_b,startup_b,20250317,3399.0,TRANSITION,15.17396870184929,S5,S5,S1,S2,0,0,0.0,12
2025.03.17startup_b,startup_b,20250317,3445.0,TRANSITION,27.05143943766275,S2,S5,,S2,1,0,,12
2025.03.17startup_b,startup_b,20250317,3498.0,INTERIOR_HANDOFF,19.810511291723664,S5,S4,S1,S2,0,0,0.0,12
2025.03.17startup_b,startup_b,20250317,3581.0,TRANSITION,26.63461972083543,S5,S4,S4,S2,0,0,0.0,12
2025.03.17startup_b,startup_b,20250317,3611.0,TRANSITION,15.202345129937271,S5,S2,,S2,0,1,,12
2025.03.17startup_b,startup_b,20250317,3935.0,TRANSITION,15.639071368107409,S2,S5,S5,S2,1,0,0.0,12
2025.03.17startup_b,startup_b,20250317,4020.0,INTERIOR_OTHER,16.97912037023889,S2,S2,S2,S2,1,1,1.0,12
2025.03.17startup_b,startup_b,20250317,4371.0,TRANSITION,9.01042219865569,S1,S5,S5,S2,0,0,0.0,12
2025.03.17startup_b,startup_b,20250317,4440.0,INTERIOR_HANDOFF,21.109501839707775,S2,S5,S5,S2,1,0,0.0,12
2025.03.17startup_b,startup_b,20250317,4643.0,INTERIOR_HANDOFF,10.464776072318465,S4,S2,S1,S2,0,1,0.0,12
2025.03.17startup_b,startup_b,20250317,4778.0,TRANSITION,11.103728607973409,S5,S1,S5,S2,0,0,0.0,12
2025.03.17startup_b,startup_b,20250317,4896.0,TRANSITION,20.59875404283642,S5,S5,,S2,0,0,,12
2025.03.17startup_b,startup_b,20250317,5105.0,INTERIOR_OTHER,7.1589049150992,S5,S5,S5,S2,0,0,0.0,12
2025.03.17startup_b,startup_b,20250317,5311.0,INTERIOR_HANDOFF,16.383397546620266,S1,S2,S2,S2,0,1,1.0,12
2025.03.17startup_b,startup_b,20250317,5482.0,INTERIOR_HANDOFF,24.509756740944894,S2,S5,S2,S2,1,0,1.0,12
2025.03.17startup_b,startup_b,20250317,5512.0,INTERIOR_HANDOFF,21.495085694063505,S5,S1,S1,S2,0,0,0.0,12
2025.03.17startup_b,startup_b,20250317,5689.0,TRANSITION,16.419171103481688,S1,S1,S1,S2,0,0,0.0,12
2025.03.17startup_b,startup_b,20250317,5924.0,TRANSITION,9.12337219134632,S5,S5,,S2,0,0,,12
2025.03.24startup_b,startup_b,20250324,101.0,TRANSITION,5.087992962680019,S1,S2,,S2,0,1,,13
2025.03.24startup_b,startup_b,20250324,169.0,INTERIOR_OTHER,6.96281496149178,S1,S1,,S2,0,0,,13
2025.03.24startup_b,startup_b,20250324,234.0,TRANSITION,12.528508584426973,S5,S2,S2,S2,0,1,1.0,13
2025.03.24startup_b,startup_b,20250324,270.0,INTERIOR_OTHER,-3.0971588666066125,S2,S1,S2,S2,1,0,1.0,13
2025.03.24startup_b,startup_b,20250324,373.0,INTERIOR_OTHER,2.8969325766976723,S2,S2,,S2,1,1,,13
2025.03.24startup_b,startup_b,20250324,476.0,INTERIOR_HANDOFF,1.109401185271679,S3,S2,S3,S2,0,1,0.0,13
2025.03.24startup_b,startup_b,20250324,559.0,TRANSITION,6.452621000838491,S1,S5,,S2,0,0,,13
2025.03.24startup_b,startup_b,20250324,610.0,INTERIOR_HANDOFF,-2.7391300935686793,S2,S2,,S2,1,1,,13
2025.03.24startup_b,startup_b,20250324,773.0,INTERIOR_HANDOFF,10.008404668638605,S2,S1,S2,S2,1,0,1.0,13
2025.03.24startup_b,startup_b,20250324,1283.0,INTERIOR_HANDOFF,14.981421961638794,S1,S2,S1,S2,0,1,0.0,13
2025.03.24startup_b,startup_b,20250324,1327.0,TRANSITION,7.561194795620864,S5,S2,,S2,0,1,,13
2025.03.24startup_b,startup_b,20250324,1589.0,TRANSITION,2.097315267264676,S1,S5,,S2,0,0,,13
2025.03.24startup_b,startup_b,20250324,1645.0,TRANSITION,20.98287639892923,S2,S2,,S2,1,1,,13
2025.03.24startup_b,startup_b,20250324,1809.0,INTERIOR_OTHER,7.862372028513015,S2,S1,,S2,1,0,,13
2025.03.24startup_b,startup_b,20250324,2634.0,INTERIOR_HANDOFF,1.9485532945209911,S1,S5,S1,S2,0,0,0.0,13
2025.03.24startup_b,startup_b,20250324,2776.0,INTERIOR_HANDOFF,14.747767866925656,S2,S1,S1,S2,1,0,0.0,13
2025.03.24startup_b,startup_b,20250324,2803.0,INTERIOR_OTHER,18.663460364113348,S2,S1,S2,S2,1,0,1.0,13
2025.03.24startup_b,startup_b,20250324,2864.0,TRANSITION,11.738257442881803,S1,S5,S2,S2,0,0,1.0,13
2025.03.24startup_b,startup_b,20250324,2903.0,INTERIOR_OTHER,-13.214890813186088,S5,S5,,S2,0,0,,13
2025.03.24startup_b,startup_b,20250324,3161.0,TRANSITION,13.805182145502854,S2,S1,S2,S2,1,0,1.0,13
2025.03.24startup_b,startup_b,20250324,3320.0,INTERIOR_OTHER,-9.510777620778434,S1,S1,,S2,0,0,,13
2025.03.24startup_b,startup_b,20250324,3392.0,TRANSITION,6.833431070302865,S2,S5,S5,S2,1,0,0.0,13
2025.03.24startup_b,startup_b,20250324,3956.0,TRANSITION,18.697596339790493,S3,S5,,S2,0,0,,13
2025.03.24startup_b,startup_b,20250324,3988.0,TRANSITION,21.72586595665105,S3,S5,S5,S2,0,0,0.0,13
2025.03.24startup_b,startup_b,20250324,4118.0,TRANSITION,10.545349098374302,S2,S1,,S2,1,0,,13
2025.03.24startup_b,startup_b,20250324,4541.0,TRANSITION,9.251269503468393,S3,S5,,S2,0,0,,13
2025.03.24startup_b,startup_b,20250324,5066.0,INTERIOR_HANDOFF,11.829582094658818,S5,S5,,S2,0,0,,13
2025.03.24startup_b,startup_b,20250324,5202.0,INTERIOR_HANDOFF,20.923562350816013,S2,S2,S1,S2,1,1,0.0,13
2025.03.31startup_b,startup_b,20250331,61.0,INTERIOR_OTHER,7.12482614754548,S3,S1,S3,S2,0,0,0.0,14
2025.03.31startup_b,startup_b,20250331,114.0,TRANSITION,8.791445748478985,S3,S2,,S2,0,1,,14
2025.03.31startup_b,startup_b,20250331,285.0,INTERIOR_OTHER,10.944299259749304,S1,S1,,S2,0,0,,14
2025.03.31startup_b,startup_b,20250331,442.0,INTERIOR_OTHER,-1.6940151084645514,S3,S2,,S2,0,1,,14
2025.03.31startup_b,startup_b,20250331,472.0,INTERIOR_HANDOFF,3.9852642467696064,S2,S3,,S2,1,0,,14
2025.03.31startup_b,startup_b,20250331,689.0,INTERIOR_OTHER,10.1295072926242,S5,S1,,S2,0,0,,14
2025.03.31startup_b,startup_b,20250331,738.0,INTERIOR_OTHER,12.422803021364697,S5,S5,S1,S2,0,0,0.0,14
2025.03.31startup_b,startup_b,20250331,786.0,INTERIOR_OTHER,16.06795860963116,S2,S1,S1,S2,1,0,0.0,14
2025.03.31startup_b,startup_b,20250331,907.0,TRANSITION,8.321911723005453,S1,S1,,S2,0,0,,14
2025.03.31startup_b,startup_b,20250331,1043.0,INTERIOR_OTHER,8.390160440764802,S1,S1,,S2,0,0,,14
2025.03.31startup_b,startup_b,20250331,1095.0,INTERIOR_OTHER,11.271628898647467,S2,S1,S2,S2,1,0,1.0,14
2025.03.31startup_b,startup_b,20250331,1149.0,TRANSITION,24.14472289020478,S5,S1,,S2,0,0,,14
2025.03.31startup_b,startup_b,20250331,1180.0,TRANSITION,33.46042239063004,S1,S1,,S2,0,0,,14
2025.03.31startup_b,startup_b,20250331,1205.0,INTERIOR_HANDOFF,26.432167982938683,S1,S5,S1,S2,0,0,0.0,14
2025.03.31startup_b,startup_b,20250331,1235.0,INTERIOR_OTHER,8.764701494198114,S5,S5,,S2,0,0,,14
2025.03.31startup_b,startup_b,20250331,1420.0,INTERIOR_HANDOFF,21.777608795564763,S1,S2,,S2,0,1,,14
2025.03.31startup_b,startup_b,20250331,1698.0,INTERIOR_OTHER,5.638984661338842,S1,S1,S1,S2,0,0,0.0,14
2025.03.31startup_b,startup_b,20250331,1788.0,INTERIOR_OTHER,18.442796354664313,S2,S1,S1,S2,1,0,0.0,14
2025.03.31startup_b,startup_b,20250331,1935.0,TRANSITION,12.440787071076873,S2,S5,S2,S2,1,0,1.0,14
2025.03.31startup_b,startup_b,20250331,1979.0,TRANSITION,18.712565033476825,S5,S2,,S2,0,1,,14
2025.03.31startup_b,startup_b,20250331,2031.0,INTERIOR_OTHER,10.460730088967434,S1,S5,,S2,0,0,,14
2025.03.31startup_b,startup_b,20250331,2225.0,TRANSITION,0.8931452873217651,S1,S5,,S2,0,0,,14
2025.03.31startup_b,startup_b,20250331,2415.0,INTERIOR_OTHER,5.675012874973035,S5,S1,S5,S2,0,0,0.0,14
2025.03.31startup_b,startup_b,20250331,2440.0,INTERIOR_OTHER,12.666963373735424,S1,S5,S1,S2,0,0,0.0,14
2025.03.31startup_b,startup_b,20250331,2455.0,INTERIOR_OTHER,13.518608025889467,S1,S5,,S2,0,0,,14
2025.03.31startup_b,startup_b,20250331,2481.0,INTERIOR_OTHER,7.567130919021608,S5,S5,,S2,0,0,,14
2025.03.31startup_b,startup_b,20250331,2512.0,INTERIOR_OTHER,-2.645753057281908,S1,S1,,S2,0,0,,14
2025.03.31startup_b,startup_b,20250331,3623.0,TRANSITION,0.08659998019719595,S1,S1,,S2,0,0,,14
2025.03.31startup_b,startup_b,20250331,4614.0,TRANSITION,10.915190349220165,S5,S1,S1,S2,0,0,0.0,14
2025.03.31startup_b,startup_b,20250331,4639.0,TRANSITION,9.157798940013151,S5,S1,S1,S2,0,0,0.0,14
2025.03.31startup_b,startup_b,20250331,5253.0,TRANSITION,0.9730596762790462,S1,S1,,S2,0,0,,14
2025.03.31startup_b,startup_b,20250331,5324.0,INTERIOR_HANDOFF,16.222734949972494,S1,S1,,S2,0,0,,14
2025.03.31startup_b,startup_b,20250331,5340.0,INTERIOR_HANDOFF,16.377149563620772,S1,S2,S1,S2,0,1,0.0,14
2025.03.31startup_b,startup_b,20250331,5376.0,INTERIOR_HANDOFF,17.4868204566127,S1,S2,,S2,0,1,,14
2025.03.31startup_b,startup_b,20250331,5570.0,TRANSITION,8.215356982973443,S2,S2,,S2,1,1,,14
2025.03.31startup_b,startup_b,20250331,5722.0,INTERIOR_OTHER,13.28507520226361,S1,S2,S1,S2,0,1,0.0,14
2025.03.31startup_b,startup_b,20250331,5751.0,INTERIOR_OTHER,16.659504388437657,S1,S1,S1,S2,0,0,0.0,14
2025.03.31startup_b,startup_b,20250331,5780.0,TRANSITION,23.29759412871282,S2,S1,S1,S2,1,0,0.0,14
2025.03.31startup_b,startup_b,20250331,5941.0,INTERIOR_OTHER,0.0941287901477601,S1,S2,S1,S2,0,1,0.0,14
2025.03.31startup_b,startup_b,20250331,6109.0,INTERIOR_OTHER,10.66940526449348,S1,S1,,S2,0,0,,14
2025.03.31startup_b,startup_b,20250331,6144.0,TRANSITION,18.060042911620666,S2,S2,S1,S2,1,1,0.0,14
2025.03.31startup_b,startup_b,20250331,6204.0,INTERIOR_HANDOFF,20.75590595965919,S1,S3,S1,S2,0,0,0.0,14
2025.04.07startup_b,startup_b,20250407,96.0,INTERIOR_OTHER,-5.925206414567583,S1,S2,S2,S2,0,1,1.0,15
2025.04.07startup_b,startup_b,20250407,153.0,TRANSITION,0.7669552003627516,S1,S2,,S2,0,1,,15
2025.04.07startup_b,startup_b,20250407,186.0,TRANSITION,0.8002034864096004,S2,S1,,S2,1,0,,15
2025.04.07startup_b,startup_b,20250407,346.0,TRANSITION,19.647955447559127,S4,S4,S4,S2,0,0,0.0,15
2025.04.07startup_b,startup_b,20250407,403.0,TRANSITION,11.65762936480916,S2,S2,,S2,1,1,,15
2025.04.07startup_b,startup_b,20250407,417.0,TRANSITION,-0.06659728954194577,S4,S4,S2,S2,0,0,1.0,15
2025.04.07startup_b,startup_b,20250407,640.0,TRANSITION,19.751991644132765,S4,S1,S1,S2,0,0,0.0,15
2025.04.07startup_b,startup_b,20250407,1342.0,INTERIOR_OTHER,-22.023652277434355,S2,S2,,S2,1,1,,15
2025.04.07startup_b,startup_b,20250407,1485.0,TRANSITION,23.86801132301867,S1,S1,,S2,0,0,,15
2025.04.07startup_b,startup_b,20250407,1525.0,TRANSITION,7.083003522010159,S5,S1,,S2,0,0,,15
2025.04.07startup_b,startup_b,20250407,1703.0,TRANSITION,14.951695516104735,S1,S2,S1,S2,0,1,0.0,15
2025.04.07startup_b,startup_b,20250407,1889.0,TRANSITION,6.4364645857692295,S1,S5,,S2,0,0,,15
2025.04.07startup_b,startup_b,20250407,2172.0,INTERIOR_OTHER,2.176025003866755,S1,S5,S5,S2,0,0,0.0,15
2025.04.07startup_b,startup_b,20250407,2278.0,TRANSITION,14.70902448754287,S5,S1,S1,S2,0,0,0.0,15
2025.04.07startup_b,startup_b,20250407,3171.0,TRANSITION,3.045440540927345,S1,S1,,S2,0,0,,15
2025.04.07startup_b,startup_b,20250407,3321.0,INTERIOR_HANDOFF,7.937573156051222,S2,S4,,S2,1,0,,15
2025.04.07startup_b,startup_b,20250407,3452.0,TRANSITION,3.55442152668693,S4,S1,S4,S2,0,0,0.0,15
2025.04.07startup_b,startup_b,20250407,3699.0,TRANSITION,20.317188699283136,S1,S5,,S2,0,0,,15
2025.04.07startup_b,startup_b,20250407,3961.0,INTERIOR_HANDOFF,23.170569591163144,S4,S1,S1,S2,0,0,0.0,15
2025.04.07startup_b,startup_b,20250407,3994.0,TRANSITION,24.14881061804776,S4,S2,,S2,0,1,,15
2025.04.07startup_b,startup_b,20250407,4067.0,TRANSITION,3.258319514078835,S2,S1,S1,S2,1,0,0.0,15
2025.04.07startup_b,startup_b,20250407,4110.0,TRANSITION,-2.1817452479411266,S2,S2,S1,S2,1,1,0.0,15
2025.04.07startup_b,startup_b,20250407,4152.0,INTERIOR_OTHER,0.41899053387945173,S1,S1,,S2,0,0,,15
2025.04.07startup_b,startup_b,20250407,4353.0,INTERIOR_OTHER,-3.75080830950305,S4,S1,,S2,0,0,,15
2025.04.07startup_b,startup_b,20250407,4427.0,TRANSITION,5.983190463470038,S1,S2,S1,S2,0,1,0.0,15
2025.04.07startup_b,startup_b,20250407,4750.0,TRANSITION,11.872747242688817,S1,S4,S1,S2,0,0,0.0,15
2025.04.07startup_b,startup_b,20250407,4861.0,INTERIOR_OTHER,-3.6996597771651167,S4,S1,S4,S2,0,0,0.0,15
2025.04.07startup_b,startup_b,20250407,4917.0,INTERIOR_OTHER,-13.905061054107218,S4,S4,,S2,0,0,,15
2025.04.07startup_b,startup_b,20250407,5022.0,INTERIOR_HANDOFF,7.910362331471873,S2,S4,S2,S2,1,0,1.0,15
2025.04.07startup_b,startup_b,20250407,5269.0,TRANSITION,5.515067783510574,S1,S1,S1,S2,0,0,0.0,15
2025.04.07startup_b,startup_b,20250407,5331.0,INTERIOR_OTHER,5.602817624324857,S2,S1,S1,S2,1,0,0.0,15
2025.04.07startup_b,startup_b,20250407,5379.0,INTERIOR_OTHER,-6.150692846593486,S1,S1,,S2,0,0,,15
2025.04.07startup_b,startup_b,20250407,5609.0,TRANSITION,13.103208499305865,S4,S2,,S2,0,1,,15
2025.04.07startup_b,startup_b,20250407,6035.0,INTERIOR_OTHER,-19.63193544589189,S1,S1,,S2,0,0,,15
2025.04.07startup_b,startup_b,20250407,6308.0,INTERIOR_HANDOFF,2.0642301390419533,S1,S1,,S2,0,0,,15
2025.04.14startup_b,startup_b,20250414,234.0,TRANSITION,5.822833810227678,S1,S2,S2,S2,0,1,1.0,16
2025.04.14startup_b,startup_b,20250414,276.0,TRANSITION,15.757661811691761,S5,S1,S5,S2,0,0,0.0,16
2025.04.14startup_b,startup_b,20250414,300.0,TRANSITION,6.040829099159513,S5,S1,S5,S2,0,0,0.0,16
2025.04.14startup_b,startup_b,20250414,725.0,INTERIOR_HANDOFF,7.5992308320473185,S5,S2,,S2,0,1,,16
2025.04.14startup_b,startup_b,20250414,775.0,INTERIOR_OTHER,13.57092956284636,S1,S2,S2,S2,0,1,1.0,16
2025.04.14startup_b,startup_b,20250414,1158.0,INTERIOR_HANDOFF,13.088339190385604,S2,S2,S5,S2,1,1,0.0,16
2025.04.14startup_b,startup_b,20250414,1192.0,INTERIOR_HANDOFF,11.6865692998539,S2,S5,S4,S2,1,0,0.0,16
2025.04.14startup_b,startup_b,20250414,1490.0,TRANSITION,17.309281008975795,S5,S2,,S2,0,1,,16
2025.04.14startup_b,startup_b,20250414,1536.0,TRANSITION,19.704432156218736,S2,S5,,S2,1,0,,16
2025.04.14startup_b,startup_b,20250414,1563.0,TRANSITION,7.499849380873037,S5,S2,S5,S2,0,1,0.0,16
2025.04.14startup_b,startup_b,20250414,2022.0,TRANSITION,19.414370058028652,S2,S2,,S2,1,1,,16
2025.04.14startup_b,startup_b,20250414,2224.0,TRANSITION,18.340650948526566,S2,S5,S2,S2,1,0,1.0,16
2025.04.14startup_b,startup_b,20250414,2243.0,TRANSITION,18.56078724910879,S4,S5,S4,S2,0,0,0.0,16
2025.04.14startup_b,startup_b,20250414,2409.0,INTERIOR_OTHER,10.090716249933514,S2,S2,S2,S2,1,1,1.0,16
2025.04.14startup_b,startup_b,20250414,2572.0,INTERIOR_OTHER,15.833166460940681,S2,S2,,S2,1,1,,16
2025.04.14startup_b,startup_b,20250414,2697.0,INTERIOR_HANDOFF,11.55356603298808,S5,S2,,S2,0,1,,16
2025.04.14startup_b,startup_b,20250414,2758.0,INTERIOR_OTHER,5.870324166651081,S2,S2,,S2,1,1,,16
2025.04.14startup_b,startup_b,20250414,3278.0,TRANSITION,11.495655252328042,S2,S2,S2,S2,1,1,1.0,16
2025.04.14startup_b,startup_b,20250414,3309.0,INTERIOR_HANDOFF,22.577139444413753,S2,S1,S5,S2,1,0,0.0,16
2025.04.14startup_b,startup_b,20250414,3653.0,TRANSITION,7.694057885667881,S2,S2,S2,S2,1,1,1.0,16
2025.04.14startup_b,startup_b,20250414,3693.0,TRANSITION,7.53675424047362,S2,S2,,S2,1,1,,16
2025.04.14startup_b,startup_b,20250414,3715.0,TRANSITION,9.735716840781585,S1,S2,S2,S2,0,1,1.0,16
2025.04.14startup_b,startup_b,20250414,3833.0,INTERIOR_OTHER,3.4697819582346057,S2,S2,,S2,1,1,,16
2025.04.14startup_b,startup_b,20250414,3986.0,TRANSITION,30.949166277744332,S4,S1,S2,S2,0,0,1.0,16
2025.04.14startup_b,startup_b,20250414,4039.0,TRANSITION,20.855293775251234,S1,S2,S2,S2,0,1,1.0,16
2025.04.14startup_b,startup_b,20250414,4433.0,TRANSITION,10.587911663846043,S1,S1,S1,S2,0,0,0.0,16
