metric,cat,mpk,mbase,lift
rmse_g,arguable,2.45959595959596,2.3965187452180565,0.06307721437790326
rmse_g,disagree,0.24242424242424243,0.4039785768936496,-0.16155433446940715
rmse_g,iam2,0.35858585858585856,0.45122417750573834,-0.09263831891987978
rmse_g,disput,0.0,0.06885998469778118,-0.06885998469778118
rmse_g,explor,1.2171717171717171,1.3311017597551644,-0.1139300425834473
rmse_g,bdisagree,0.24242424242424243,0.4039785768936496,-0.16155433446940715
rmse_g,converge,1.5656565656565657,1.4540933435348125,0.11156322212175329
rmse_g,bagree,1.5101010101010102,1.3766258607498087,0.13347514935120142
rmse_g,baskinfo,0.4393939393939394,0.281752104055088,0.1576418353388514
rmse_g,cumul,1.2474747474747474,1.0874139250191277,0.1600608224556197
rmse_g,nonarg,1.2171717171717171,1.33530986993114,-0.11813815275942297
rmse_g,qset,0.7676767676767676,0.6710022953328233,0.09667447234394433
rmse_g,qprop,1.2474747474747474,1.0487758224942616,0.1986989249804858
rmse_g,feedback,1.2323232323232323,1.1576128538638102,0.07471037845942208
rmse_g,namep,0.6464646464646465,0.7846212700841622,-0.13815662361951564
rmse_g,names,0.8737373737373737,0.862088752869166,0.011648620868207726
rmse_g,proact,1.303030303030303,1.1664116296863045,0.13661867334399846
rmse_g,struct,1.2828282828282829,1.1097934200459068,0.17303486278237612
rmse_g,arguable,2.8556701030927836,3.074240331491713,-0.21857022839892926
rmse_g,disagree,1.0463917525773196,0.8661947513812155,0.18019700119610416
rmse_g,iam2,0.6855670103092784,0.5675069060773481,0.11806010423193025
rmse_g,disput,0.1958762886597938,0.04005524861878453,0.15582104004100927
rmse_g,explor,1.0618556701030928,1.285220994475138,-0.22336532437204526
rmse_g,bdisagree,0.6082474226804123,0.5390193370165746,0.06922808566383776
rmse_g,converge,2.3092783505154637,2.0203729281767955,0.2889054223386682
rmse_g,bagree,2.2371134020618557,1.7586325966850829,0.47848080537677284
rmse_g,baskinfo,1.1237113402061856,0.5994475138121547,0.5242638263940309
rmse_g,cumul,0.9742268041237113,0.9152279005524862,0.05899890357122517
rmse_g,nonarg,3.4690721649484537,2.0205455801104972,1.4485265848379565
rmse_g,qset,0.9278350515463918,0.7769337016574586,0.15090134988893322
rmse_g,qprop,2.216494845360825,1.262085635359116,0.9544092100017088
rmse_g,feedback,3.015463917525773,1.9656422651933703,1.0498216523324029
rmse_g,namep,0.6443298969072165,0.7864295580110497,-0.1420996611038332
rmse_g,names,0.7371134020618557,0.6279350828729282,0.10917831918892751
rmse_g,proact,1.8041237113402062,1.477900552486188,0.3262231588540183
rmse_g,struct,2.4536082474226806,1.7513812154696133,0.7022270319530672
rmse_g,arguable,2.98019801980198,3.4054432659595757,-0.4252452461575955
rmse_g,disagree,0.04950495049504951,0.3942365419251551,-0.3447315914301056
rmse_g,iam2,0.04950495049504951,0.4122473484090454,-0.36274239791399593
rmse_g,disput,0.0,0.018010806483890335,-0.018010806483890335
rmse_g,explor,0.8465346534653465,1.2085251150690415,-0.36199046160369497
rmse_g,bdisagree,0.0297029702970297,0.21492895737442466,-0.18522598707739496
rmse_g,converge,1.698019801980198,1.5259155493295977,0.17210425265060025
rmse_g,bagree,1.2821782178217822,0.9465679407644587,0.3356102770573235
rmse_g,baskinfo,0.8910891089108911,0.5763458074844907,0.3147433014264004
rmse_g,cumul,1.386138613861386,1.182509505703422,0.20362910815796398
rmse_g,nonarg,1.0693069306930694,0.7408445067040225,0.3284624239890469
rmse_g,qset,0.6386138613861386,0.5865519311586952,0.05206193022744343
rmse_g,qprop,1.0792079207920793,0.8527116269761857,0.22649629381589353
rmse_g,feedback,1.0841584158415842,1.0446267760656394,0.03953163977594487
rmse_g,namep,0.8316831683168316,0.8308985391234741,0.0007846291933575333
rmse_g,names,0.9900990099009901,0.9145487292375425,0.0755502806634476
rmse_g,proact,1.193069306930693,1.1723033820292175,0.020765924901475552
rmse_g,struct,0.8663366336633663,0.6932159295577346,0.17312070410563174
rmse_g,arguable,2.323529411764706,2.523551075789882,-0.20002166402517574
rmse_g,disagree,0.09803921568627451,0.13568521031207598,-0.03764599462580147
rmse_g,iam2,0.09803921568627451,0.13568521031207598,-0.03764599462580147
rmse_g,disput,0.05392156862745098,0.015313045163791433,0.03860852346365955
rmse_g,explor,0.9754901960784313,1.3221554564838147,-0.34666526040538337
rmse_g,bdisagree,0.04411764705882353,0.10292692382244621,-0.05880927676362268
rmse_g,converge,1.4754901960784315,1.3797247528590812,0.09576544321935021
rmse_g,bagree,1.3970588235294117,1.3304904051172708,0.0665684184121409
rmse_g,baskinfo,0.7303921568627451,0.4654002713704206,0.26499188549232444
rmse_g,cumul,1.303921568627451,1.2308586935452608,0.07306287508219023
rmse_g,nonarg,1.7892156862745099,1.3382438457065322,0.4509718405679777
rmse_g,qset,0.6029411764705882,0.35995347935646443,0.24298769711412377
rmse_g,qprop,1.0735294117647058,0.760031013762357,0.3134983980023488
rmse_g,feedback,1.2892156862745099,0.9129676293855399,0.37624805688897
rmse_g,namep,0.08823529411764706,0.22329908897073075,-0.13506379485308367
rmse_g,names,0.6666666666666666,1.002907540220973,-0.33624087355430643
rmse_g,proact,0.35784313725490197,0.5910060089164567,-0.23316287166155475
rmse_g,struct,1.6127450980392157,1.1166892808683853,0.49605581717083047
entropy_g,arguable,2.5,2.668213457076566,-0.1682134570765661
entropy_g,disagree,0.0,0.03480278422273782,-0.03480278422273782
entropy_g,iam2,0.0,0.08700696055684455,-0.08700696055684455
entropy_g,disput,0.0,0.01740139211136891,-0.01740139211136891
entropy_g,explor,0.5,1.3894044856921888,-0.8894044856921888
entropy_g,bdisagree,0.0,0.03480278422273782,-0.03480278422273782
entropy_g,converge,2.5,1.2780355761794278,1.2219644238205722
entropy_g,bagree,2.5,1.2703016241299303,1.2296983758700697
entropy_g,baskinfo,0.5,0.3105181747873163,0.1894818252126837
entropy_g,cumul,2.0,1.211136890951276,0.7888631090487239
entropy_g,nonarg,0.5,0.619876256767208,-0.11987625676720803
entropy_g,qset,0.0,0.26102088167053367,-0.26102088167053367
entropy_g,qprop,0.5,0.7938901778808971,-0.2938901778808971
entropy_g,feedback,2.5,1.2819025522041763,1.2180974477958237
entropy_g,namep,1.0,0.6906419180201083,0.3093580819798917
entropy_g,names,1.0,0.8298530549110595,0.17014694508894046
entropy_g,proact,1.0,1.2842227378190256,-0.28422273781902563
entropy_g,struct,1.5,0.8464810518174787,0.6535189481825213
rmse_g,arguable,2.4619289340101522,2.6753947631421147,-0.21346582913196244
rmse_g,disagree,0.01015228426395939,0.035578652808315014,-0.025426368544355624
rmse_g,iam2,0.04568527918781726,0.08814711173296022,-0.04246183254514296
rmse_g,disput,0.0,0.017989206476114333,-0.017989206476114333
rmse_g,explor,0.9441624365482234,1.4019588247051769,-0.45779638815695345
rmse_g,bdisagree,0.01015228426395939,0.035578652808315014,-0.025426368544355624
rmse_g,converge,1.5736040609137056,1.273236058364981,0.30036800254872453
rmse_g,bagree,1.4111675126903553,1.2716370177893264,0.13953049490102898
rmse_g,baskinfo,0.5736040609137056,0.30121926843893665,0.272384792474769
rmse_g,cumul,1.3147208121827412,1.2114731161303218,0.10324769605241935
rmse_g,nonarg,1.2588832487309645,0.5940435738556866,0.6648396748752778
rmse_g,qset,0.1065989847715736,0.26564061563062163,-0.15904163085904804
rmse_g,qprop,0.8020304568527918,0.7919248450929443,0.010105611759847588
rmse_g,feedback,1.385786802030457,1.2846292224665201,0.10115757956393678
rmse_g,namep,0.5583756345177665,0.6975814511293225,-0.13920581661155595
rmse_g,names,0.8071065989847716,0.8317009794123525,-0.024594380427580997
rmse_g,proact,1.3350253807106598,1.2806316210273836,0.0543937596832762
rmse_g,struct,0.6751269035532995,0.8568858684789127,-0.18175896492561316
rmse_g,arguable,2.6149068322981366,3.179381443298969,-0.5644746110008323
rmse_g,disagree,0.11180124223602485,0.21896907216494846,-0.10716782992892361
rmse_g,iam2,0.11180124223602485,0.21896907216494846,-0.10716782992892361
rmse_g,disput,0.09937888198757763,0.052371134020618555,0.04700774796695908
rmse_g,explor,0.8198757763975155,1.5872164948453609,-0.7673407184478453
rmse_g,bdisagree,0.10559006211180125,0.1820618556701031,-0.07647179355830186
rmse_g,converge,1.484472049689441,1.3736082474226805,0.11086380226676051
rmse_g,bagree,1.124223602484472,0.9402061855670103,0.18401741691746176
rmse_g,baskinfo,1.0372670807453417,0.45422680412371136,0.5830402766216303
rmse_g,cumul,1.0869565217391304,1.0898969072164948,-0.0029403854773644156
rmse_g,nonarg,1.7763975155279503,1.314639175257732,0.46175834027021834
rmse_g,qset,0.4720496894409938,0.4296907216494845,0.04235896779150927
rmse_g,qprop,1.2422360248447204,0.8989690721649485,0.3432669526797719
rmse_g,feedback,1.5217391304347827,1.2548453608247423,0.2668937696100404
rmse_g,namep,0.3416149068322981,0.6381443298969072,-0.29652942306460905
rmse_g,names,0.9440993788819876,1.211958762886598,-0.2678593840046104
rmse_g,proact,1.2484472049689441,1.5731958762886598,-0.32474867131971563
rmse_g,struct,1.3354037267080745,0.9888659793814433,0.34653774732663123
entropy_g,arguable,3.0,2.9957496136012365,0.004250386398763517
entropy_g,disagree,1.0,0.32554095826893353,0.6744590417310665
entropy_g,iam2,1.0,0.32554095826893353,0.6744590417310665
entropy_g,disput,1.0,0.0473338485316847,0.9526661514683153
entropy_g,explor,2.0,1.3813755795981453,0.6186244204018547
entropy_g,bdisagree,1.0,0.2733771251931994,0.7266228748068007
entropy_g,converge,1.0,1.3498840803709429,-0.3498840803709429
entropy_g,bagree,1.0,0.9710200927357032,0.028979907264296778
entropy_g,baskinfo,0.0,0.4231066460587326,-0.4231066460587326
entropy_g,cumul,1.0,1.10645285935085,-0.10645285935085003
entropy_g,nonarg,0.0,0.6845054095826894,-0.6845054095826894
entropy_g,qset,0.0,0.3071870170015456,-0.3071870170015456
entropy_g,qprop,1.0,0.768160741885626,0.231839258114374
entropy_g,feedback,3.0,1.3265069551777435,1.6734930448222565
entropy_g,namep,0.0,0.6259659969088099,-0.6259659969088099
entropy_g,names,1.0,0.8471792890262752,0.15282071097372485
entropy_g,proact,2.0,1.169049459041731,0.8309505409582689
entropy_g,struct,3.0,1.552550231839258,1.447449768160742
rmse_g,arguable,2.274193548387097,3.022532402791625,-0.748338854404528
rmse_g,disagree,0.34408602150537637,0.32821535393818546,0.01587066756719091
rmse_g,iam2,0.34408602150537637,0.32821535393818546,0.01587066756719091
rmse_g,disput,0.1827956989247312,0.047058823529411764,0.13573687539531942
rmse_g,explor,1.021505376344086,1.3978065802592223,-0.37630120391513633
rmse_g,bdisagree,0.3118279569892473,0.2755732801595214,0.036254676829725885
rmse_g,converge,1.5268817204301075,1.3415752741774676,0.18530644625263992
rmse_g,bagree,1.1935483870967742,0.9629112662013958,0.23063712089537847
rmse_g,baskinfo,0.7849462365591398,0.40757726819541373,0.377368968363726
rmse_g,cumul,1.0,1.1098703888334995,-0.10987038883349953
rmse_g,nonarg,1.7634408602150538,0.6410767696909272,1.1223640905241266
rmse_g,qset,0.25268817204301075,0.30767696909272185,-0.0549887970497111
rmse_g,qprop,1.2526881720430108,0.751345962113659,0.5013422099293517
rmse_g,feedback,2.1774193548387095,1.3032901296111665,0.874129225227543
rmse_g,namep,0.42473118279569894,0.630309072781655,-0.2055778899859561
rmse_g,names,0.5161290322580645,0.8602193419740778,-0.3440903097160133
rmse_g,proact,1.1720430107526882,1.1730807577268196,-0.0010377469741313927
rmse_g,struct,2.6344086021505375,1.5196410767696908,1.1147675253808467
rmse_g,arguable,2.9642857142857144,3.3796641791044775,-0.41537846481876306
rmse_g,disagree,1.0142857142857142,0.6358208955223881,0.37846481876332616
rmse_g,iam2,0.5857142857142857,0.5294776119402985,0.05623667377398722
rmse_g,disput,0.2357142857142857,0.11138059701492538,0.12433368869936033
rmse_g,explor,1.0642857142857143,1.541231343283582,-0.47694562899786774
rmse_g,bdisagree,0.7142857142857143,0.4925373134328358,0.2217484008528785
rmse_g,converge,1.9071428571428573,1.5957089552238806,0.3114339019189767
rmse_g,bagree,1.6714285714285715,1.1317164179104477,0.5397121535181237
rmse_g,baskinfo,1.0357142857142858,0.4542910447761194,0.5814232409381663
rmse_g,cumul,1.0071428571428571,1.0333955223880598,-0.026252665245202644
rmse_g,nonarg,2.757142857142857,1.7917910447761194,0.9653518123667377
rmse_g,qset,0.7142857142857143,0.6305970149253731,0.08368869936034118
rmse_g,qprop,1.6214285714285714,1.2113805970149254,0.41004797441364604
rmse_g,feedback,1.8785714285714286,1.348320895522388,0.5302505330490406
rmse_g,namep,0.5428571428571428,0.8085820895522388,-0.26572494669509594
rmse_g,names,0.7071428571428572,1.0225746268656717,-0.3154317697228145
rmse_g,proact,1.7357142857142858,1.8949626865671643,-0.1592484008528785
rmse_g,struct,1.7285714285714286,1.4455223880597015,0.2830490405117272
rmse_g,arguable,3.0607734806629834,3.0042818217205136,0.05649165894246977
rmse_g,disagree,0.3314917127071823,0.3036200856364344,0.027871627070747917
rmse_g,iam2,0.2596685082872928,0.25360062281043205,0.006067885476860768
rmse_g,disput,0.09392265193370165,0.03172440638380693,0.062198245549894726
rmse_g,explor,1.3756906077348066,1.3178279486181395,0.0578626591166671
rmse_g,bdisagree,0.27071823204419887,0.13059556247567147,0.1401226695685274
rmse_g,converge,1.149171270718232,1.2417282989490075,-0.0925570282307755
rmse_g,bagree,1.0165745856353592,0.9719735305566368,0.04460105507872236
rmse_g,baskinfo,0.712707182320442,0.3018684312962242,0.41083875102421774
rmse_g,cumul,0.9281767955801105,1.0550797975866095,-0.12690300200649907
rmse_g,nonarg,0.9779005524861878,0.7316076294277929,0.2462929230583949
rmse_g,qset,0.5138121546961326,0.4490073958738809,0.06480475882225173
rmse_g,qprop,1.022099447513812,0.7364733359283768,0.28562611158543527
rmse_g,feedback,0.8729281767955801,0.7242117555469054,0.14871642124867468
rmse_g,namep,0.9779005524861878,0.8063448812767614,0.17155567120942639
rmse_g,names,0.9171270718232044,0.9311015959517321,-0.013974524128527732
rmse_g,proact,1.1215469613259668,1.3927598287271312,-0.27121286740116446
rmse_g,struct,0.8066298342541437,1.0593616193071234,-0.25273178505297966
rmse_g,arguable,2.348314606741573,3.022736181889455,-0.6744215751478819
rmse_g,disagree,0.1404494382022472,0.1715013720109761,-0.031051933808728893
rmse_g,iam2,0.1404494382022472,0.18914151313210506,-0.04869207492985786
rmse_g,explor,0.8595505617977528,1.2753822030576245,-0.4158316412598717
rmse_g,bdisagree,0.02247191011235955,0.10505684045472363,-0.08258493034236408
rmse_g,converge,1.9382022471910112,1.7787142297138376,0.15948801747717356
rmse_g,bagree,1.5786516853932584,1.1562132497059976,0.4224384356872608
rmse_g,baskinfo,1.0168539325842696,0.5525284202273618,0.4643255123569078
rmse_g,cumul,1.0730337078651686,1.109172873382987,-0.03613916551781848
rmse_g,nonarg,2.0224719101123596,1.128969031752254,0.8935028783601056
rmse_g,qset,0.5730337078651685,0.6679733437867503,-0.09493963592158183
rmse_g,qprop,1.5730337078651686,0.9212073696589572,0.6518263382062114
rmse_g,feedback,1.5224719101123596,1.1522932183457468,0.3701786917666128
rmse_g,namep,0.2808988764044944,0.7840062720501764,-0.503107395645682
rmse_g,names,0.9101123595505618,0.9031752254018032,0.006937134148758628
rmse_g,proact,1.0842696629213484,1.2851822814582516,-0.20091261853690323
rmse_g,struct,1.4101123595505618,0.9327714621716974,0.4773408973788644
rmse_g,arguable,2.7948717948717947,2.944337811900192,-0.14946601702839724
rmse_g,disagree,0.9038461538461539,0.7495201535508638,0.1543260002952901
rmse_g,iam2,0.9038461538461539,0.7495201535508638,0.1543260002952901
rmse_g,disput,0.16025641025641027,0.16794625719769674,-0.007689846941286466
rmse_g,explor,1.1153846153846154,1.2095969289827255,-0.09421231359811011
rmse_g,bdisagree,0.9038461538461539,0.7495201535508638,0.1543260002952901
rmse_g,converge,1.9807692307692308,1.9660268714011517,0.014742359368079105
rmse_g,bagree,1.4679487179487178,1.463915547024952,0.004033170923765761
rmse_g,baskinfo,0.5384615384615384,0.6748560460652591,-0.13639450760372063
rmse_g,cumul,1.205128205128205,1.2644913627639156,-0.05936315763571054
rmse_g,nonarg,1.9807692307692308,1.992514395393474,-0.011745164624243243
rmse_g,qset,0.8012820512820513,0.8224568138195777,-0.02117476253752637
rmse_g,qprop,2.051282051282051,2.0633397312859887,-0.012057680003937588
rmse_g,feedback,2.3974358974358974,1.9880998080614203,0.4093360893744771
rmse_g,namep,0.7243589743589743,0.5944337811900192,0.12992519316895512
rmse_g,names,1.5769230769230769,1.380806142034549,0.19611693488852788
rmse_g,proact,2.0256410256410255,1.9143953934740883,0.11124563216693728
rmse_g,struct,1.6025641025641026,1.7305182341650671,-0.12795413160096447
rmse_g,arguable,3.063953488372093,3.3583333333333334,-0.29437984496124026
rmse_g,disagree,0.3546511627906977,0.2498062015503876,0.10484496124031009
rmse_g,iam2,0.3546511627906977,0.2498062015503876,0.10484496124031009
rmse_g,disput,0.08139534883720931,0.014728682170542635,0.06666666666666668
rmse_g,explor,1.563953488372093,1.614922480620155,-0.05096899224806206
rmse_g,bdisagree,0.313953488372093,0.12170542635658915,0.19224806201550387
rmse_g,converge,2.005813953488372,1.831201550387597,0.1746124031007752
rmse_g,bagree,1.7034883720930232,1.2075581395348838,0.4959302325581394
rmse_g,baskinfo,0.5232558139534884,0.20348837209302326,0.31976744186046513
rmse_g,cumul,0.9186046511627907,1.0127906976744185,-0.09418604651162787
rmse_g,nonarg,1.7093023255813953,1.327906976744186,0.38139534883720927
rmse_g,qset,0.5406976744186046,0.4804263565891473,0.06027131782945733
rmse_g,qprop,2.0813953488372094,1.0875968992248062,0.9937984496124033
rmse_g,feedback,2.377906976744186,1.3885658914728682,0.9893410852713176
rmse_g,namep,0.8953488372093024,0.8596899224806202,0.03565891472868221
rmse_g,names,1.2906976744186047,1.187984496124031,0.10271317829457383
rmse_g,proact,1.319767441860465,1.2160852713178294,0.10368217054263562
rmse_g,struct,1.5755813953488371,0.9924418604651163,0.5831395348837208
rmse_g,arguable,2.922705314009662,3.142105263157895,-0.21939994914823302
rmse_g,disagree,0.23671497584541062,0.2451417004048583,-0.00842672455944768
rmse_g,iam2,0.16908212560386474,0.21153846153846154,-0.0424563359345968
rmse_g,disput,0.014492753623188406,0.017611336032388663,-0.003118582409200257
rmse_g,explor,1.3526570048309179,1.631578947368421,-0.27892194253750313
rmse_g,bdisagree,0.18357487922705315,0.19271255060728745,-0.009137671380234302
rmse_g,converge,2.1256038647342996,1.4933198380566801,0.6322840266776195
rmse_g,bagree,2.0917874396135265,1.300404858299595,0.7913825813139315
rmse_g,baskinfo,0.9323671497584541,0.5777327935222673,0.3546343562361869
rmse_g,cumul,1.4202898550724639,1.0188259109311741,0.4014639441412897
rmse_g,nonarg,2.888888888888889,1.8255060728744938,1.063382816014395
rmse_g,qset,0.48792270531400966,0.41072874493927125,0.07719396037473841
rmse_g,qprop,0.5942028985507246,0.4799595141700405,0.1142433843806841
rmse_g,feedback,1.826086956521739,1.3331983805668015,0.4928885759549375
rmse_g,namep,0.4830917874396135,0.7753036437246964,-0.2922118562850829
rmse_g,names,0.7922705314009661,0.8325910931174089,-0.040320561716442715
rmse_g,proact,1.2946859903381642,1.2609311740890687,0.03375481624909549
rmse_g,struct,1.2028985507246377,1.1884615384615385,0.014437012263099236
rmse_g,arguable,3.603550295857988,3.589515331355094,0.014034964502894098
rmse_g,disagree,0.6035502958579881,0.31810089020771515,0.285449405650273
rmse_g,iam2,0.6035502958579881,0.31810089020771515,0.285449405650273
rmse_g,disput,0.0,0.017804154302670624,-0.017804154302670624
rmse_g,explor,1.6449704142011834,1.618595450049456,0.026374964151727465
rmse_g,bdisagree,0.4319526627218935,0.28822947576656777,0.1437231869553257
rmse_g,converge,1.8284023668639053,1.6445103857566765,0.18389198110722882
rmse_g,bagree,1.5384615384615385,1.202373887240356,0.33608765122118256
rmse_g,baskinfo,0.9349112426035503,0.532542037586548,0.40236920501700235
rmse_g,cumul,1.1124260355029585,1.1097922848664687,0.00263375063648974
rmse_g,nonarg,1.301775147928994,1.1829871414441147,0.11878800648487942
rmse_g,qset,0.7396449704142012,0.4559841740850643,0.2836607963291369
rmse_g,qprop,0.9585798816568047,0.9175074183976261,0.04107246325917868
rmse_g,feedback,1.0,1.0118694362017804,-0.011869436201780381
rmse_g,namep,1.1005917159763314,1.0492581602373887,0.051333555738942716
rmse_g,names,0.9585798816568047,0.9471810089020771,0.011398872754727618
rmse_g,proact,1.0355029585798816,1.1353115727002967,-0.09980861412041508
rmse_g,struct,0.9526627218934911,0.752324431256182,0.20033829063730912
rmse_g,arguable,2.1715686274509802,2.8666797951949587,-0.6951111677439785
rmse_g,disagree,0.28921568627450983,0.30740448995667585,-0.01818880368216602
rmse_g,iam2,0.28921568627450983,0.30740448995667585,-0.01818880368216602
rmse_g,disput,0.0,0.035447026388341865,-0.035447026388341865
rmse_g,explor,1.1519607843137254,1.4424970460811344,-0.290536261767409
rmse_g,bdisagree,0.20098039215686275,0.09826703426545884,0.10271335789140391
rmse_g,converge,1.5588235294117647,1.2197715636077195,0.3390519658040452
rmse_g,bagree,1.3480392156862746,1.0510043324143363,0.2970348832719383
rmse_g,baskinfo,0.3333333333333333,0.31744781410003936,0.015885519233293954
rmse_g,cumul,0.9558823529411765,0.7359196534068531,0.21996269953432346
rmse_g,nonarg,1.3823529411764706,0.6494682946041749,0.7328846465722957
rmse_g,qset,0.46078431372549017,0.30051201260338717,0.160272301122103
rmse_g,qprop,0.7892156862745098,0.671327294210319,0.11788839206419077
rmse_g,feedback,0.8529411764705882,0.6514375738479716,0.20150360262261657
rmse_g,namep,0.6274509803921569,0.8255218589996062,-0.19807087860744932
rmse_g,names,0.3382352941176471,0.7662465537613233,-0.42801125964367626
rmse_g,proact,1.0,1.0350531705395825,-0.03505317053958246
rmse_g,struct,1.1323529411764706,0.581134304844427,0.5512186363320436
rmse_g,arguable,2.8763440860215055,3.058678313710596,-0.1823342276890907
rmse_g,disagree,0.15591397849462366,0.33630839346752756,-0.1803944149729039
rmse_g,iam2,0.06989247311827956,0.253892897835169,-0.18400042471688943
rmse_g,disput,0.0,0.034181541967337636,-0.034181541967337636
rmse_g,explor,1.1881720430107527,1.4449297379415116,-0.25675769493075884
rmse_g,bdisagree,0.0,0.17090770983668818,-0.17090770983668818
rmse_g,converge,2.2311827956989245,1.7795290543106723,0.4516537413882522
rmse_g,bagree,1.521505376344086,1.139574629699962,0.38193074664412396
rmse_g,baskinfo,0.9838709677419355,0.5064565134827194,0.47741445425921614
rmse_g,cumul,1.4946236559139785,1.2601595138625143,0.23446414205146415
rmse_g,nonarg,1.935483870967742,1.0007595898214965,0.9347242811462455
rmse_g,qset,0.8870967741935484,0.4813900493733384,0.40570672482021
rmse_g,qprop,1.1666666666666667,0.9770224078997342,0.18964425876693258
rmse_g,feedback,2.1559139784946235,1.7153437143942272,0.44057026410039635
rmse_g,namep,0.7741935483870968,0.9297379415115837,-0.15554439312448698
rmse_g,names,0.8602150537634409,1.0805165210786176,-0.22030146731517675
rmse_g,proact,1.5913978494623655,1.5146221040638055,0.07677574539856002
rmse_g,struct,1.6774193548387097,1.5286745157614887,0.14874483907722102
rmse_g,arguable,2.726775956284153,3.113152094048494,-0.38637613776434065
rmse_g,disagree,0.2786885245901639,0.23861131520940485,0.040077209380759066
rmse_g,iam2,0.2786885245901639,0.23861131520940485,0.040077209380759066
rmse_g,disput,0.0,0.01653196179279941,-0.01653196179279941
rmse_g,explor,1.1584699453551912,1.4819985304922851,-0.3235285851370939
rmse_g,bdisagree,0.2568306010928962,0.14015429831006612,0.11667630278283006
rmse_g,converge,1.5737704918032787,1.6671565025716386,-0.09338601076835995
rmse_g,bagree,1.3224043715846994,1.2316311535635562,0.09077321802114313
rmse_g,baskinfo,0.5956284153005464,0.21142542248346805,0.38420299281707837
rmse_g,cumul,0.9781420765027322,1.031410727406319,-0.05326865090358668
rmse_g,nonarg,1.185792349726776,0.5371050698016164,0.6486872799251595
rmse_g,qset,0.3005464480874317,0.33155767817781046,-0.03101123009037876
rmse_g,qprop,1.0601092896174864,0.7964731814842028,0.26363610813328364
rmse_g,feedback,1.2240437158469946,1.1137031594415872,0.11034055640540741
rmse_g,namep,0.6775956284153005,0.9195444526083761,-0.24194882419307562
rmse_g,names,0.9180327868852459,0.8783982365907421,0.0396345502945038
rmse_g,proact,1.4371584699453552,1.2804922850844966,0.1566661848608586
rmse_g,struct,1.0710382513661203,0.8543350477590007,0.2167032036071196
rmse_g,arguable,2.2981651376146788,2.3868940754039496,-0.08872893778927082
rmse_g,disagree,0.39908256880733944,0.2590664272890485,0.14001614151829095
rmse_g,iam2,0.39908256880733944,0.27522441651705565,0.1238581522902838
rmse_g,explor,1.0825688073394495,1.2929982046678636,-0.21042939732841415
rmse_g,bdisagree,0.3944954128440367,0.21077199281867146,0.18372342002536526
rmse_g,converge,1.5321100917431192,1.237342908438061,0.29476718330505824
rmse_g,bagree,1.5779816513761469,1.0254937163375224,0.5524879350386245
rmse_g,baskinfo,1.4908256880733946,0.8949730700179533,0.5958526180554412
rmse_g,cumul,1.0,0.9084380610412927,0.09156193895870735
rmse_g,nonarg,2.871559633027523,1.3296229802513464,1.5419366527761764
rmse_g,qset,0.42660550458715596,0.581149012567325,-0.15454350798016903
rmse_g,qprop,1.3577981651376148,0.7651705565529623,0.5926276085846525
rmse_g,feedback,1.3073394495412844,0.767145421903052,0.5401940276382324
rmse_g,namep,0.3761467889908257,0.7285457809694793,-0.3523989919786536
rmse_g,names,0.5,0.6429084380610413,-0.14290843806104125
rmse_g,proact,0.7522935779816514,0.8858168761220826,-0.13352329814043118
rmse_g,struct,1.188073394495413,0.9010771992818671,0.2869961952135458
rmse_g,arguable,3.050251256281407,3.221124031007752,-0.170872774726345
rmse_g,disagree,0.2964824120603015,0.21531007751937983,0.08117233454092168
rmse_g,iam2,0.2964824120603015,0.19786821705426358,0.09861419500603794
rmse_g,explor,1.3266331658291457,1.536046511627907,-0.20941334579876125
rmse_g,bdisagree,0.2964824120603015,0.1804263565891473,0.11605605547115422
rmse_g,converge,1.1758793969849246,0.9910852713178294,0.1847941256670952
rmse_g,bagree,1.2763819095477387,1.0395348837209302,0.2368470258268085
rmse_g,baskinfo,1.0753768844221105,0.6155038759689923,0.4598730084531183
rmse_g,cumul,1.1809045226130652,1.0257751937984496,0.1551293288146156
rmse_g,nonarg,1.035175879396985,0.5953488372093023,0.43982704218768265
rmse_g,qset,0.34673366834170855,0.36453488372093024,-0.01780121537922169
rmse_g,qprop,1.4874371859296482,0.8263565891472868,0.6610805967823614
rmse_g,feedback,1.5778894472361809,1.1441860465116278,0.43370340072455305
rmse_g,namep,0.7587939698492462,0.8253875968992248,-0.06659362704997862
rmse_g,names,0.7839195979899497,1.0083333333333333,-0.2244137353433836
rmse_g,proact,1.2462311557788945,1.2637596899224806,-0.017528534143586016
rmse_g,struct,1.0954773869346734,0.7463178294573644,0.3491595574773091
entropy_g,arguable,3.0,3.462753545144498,-0.4627535451444982
entropy_g,disagree,0.0,0.32310177705977383,-0.32310177705977383
entropy_g,iam2,0.0,0.32310177705977383,-0.32310177705977383
entropy_g,explor,1.0,1.4979357386465626,-0.4979357386465626
entropy_g,bdisagree,0.0,0.29079159935379645,-0.29079159935379645
entropy_g,converge,2.0,1.6015078082929457,0.3984921917070543
entropy_g,bagree,2.0,1.2784060312331718,0.7215939687668282
entropy_g,baskinfo,0.0,0.47388260635433493,-0.47388260635433493
entropy_g,cumul,2.0,1.221683719260456,0.7783162807395441
entropy_g,nonarg,1.0,0.8524501884760366,0.1475498115239634
entropy_g,qset,0.0,0.5277329025309639,-0.5277329025309639
entropy_g,qprop,1.0,0.8815293484114163,0.11847065158858372
entropy_g,feedback,1.0,0.5476575121163166,0.45234248788368336
entropy_g,namep,0.0,0.8723747980613893,-0.8723747980613893
entropy_g,names,1.0,0.7709567402620714,0.2290432597379286
entropy_g,proact,1.0,1.048465266558966,-0.04846526655896599
entropy_g,struct,1.0,0.7576736672051696,0.2423263327948304
rmse_g,arguable,3.162037037037037,3.4726765799256505,-0.3106395428886133
rmse_g,disagree,0.37037037037037035,0.31970260223048325,0.050667768139887104
rmse_g,iam2,0.37037037037037035,0.31970260223048325,0.050667768139887104
rmse_g,explor,1.2175925925925926,1.5068773234200743,-0.28928473082748174
rmse_g,bdisagree,0.30092592592592593,0.28903345724907065,0.011892468676855283
rmse_g,converge,1.9259259259259258,1.5903345724907063,0.3355913534352195
rmse_g,bagree,1.5046296296296295,1.2726765799256505,0.231953049703979
rmse_g,baskinfo,0.7222222222222222,0.4617100371747212,0.260512185047501
rmse_g,cumul,1.2685185185185186,1.2234200743494423,0.04509844416907627
rmse_g,nonarg,1.9861111111111112,0.8076208178438662,1.178490293267245
rmse_g,qset,0.3611111111111111,0.5319702602230483,-0.17085914911193717
rmse_g,qprop,1.0185185185185186,0.8765799256505576,0.14193859286796096
rmse_g,feedback,0.6527777777777778,0.5455390334572491,0.10723874432052871
rmse_g,namep,0.9027777777777778,0.8671003717472119,0.035677406030565906
rmse_g,names,0.6527777777777778,0.7767657992565056,-0.12398802147872778
rmse_g,proact,1.0,1.050185873605948,-0.05018587360594795
rmse_g,struct,0.6574074074074074,0.762825278810409,-0.10541787140300152
rmse_g,arguable,1.8176795580110496,2.8015444015444015,-0.9838648435333519
rmse_g,disagree,0.44751381215469616,0.40135135135135136,0.046162460803344796
rmse_g,iam2,0.44751381215469616,0.4534749034749035,-0.0059610913202073346
rmse_g,disput,0.09944751381215469,0.03127413127413128,0.06817338253802341
rmse_g,explor,0.7182320441988951,1.5038610038610039,-0.7856289596621088
rmse_g,bdisagree,0.39779005524861877,0.3335907335907336,0.06419932165788517
rmse_g,converge,1.2430939226519337,1.2503861003861003,-0.007292177734166572
rmse_g,bagree,1.0055248618784531,1.1544401544401544,-0.14891529256170122
rmse_g,baskinfo,1.0718232044198894,0.8411196911196911,0.23070351330019834
rmse_g,cumul,1.0497237569060773,1.0486486486486486,0.0010751082574287363
rmse_g,nonarg,2.9668508287292816,0.40656370656370655,2.560287122165575
rmse_g,qset,0.5248618784530387,0.6343629343629343,-0.10950105590989567
rmse_g,qprop,0.9171270718232044,1.0723938223938223,-0.1552667505706179
rmse_g,feedback,1.9005524861878453,1.3027027027027027,0.5978497834851426
rmse_g,namep,0.40331491712707185,0.9936293436293436,-0.5903144265022717
rmse_g,names,0.5082872928176796,1.0403474903474903,-0.5320601975298107
rmse_g,proact,0.6906077348066298,1.0861003861003862,-0.3954926512937563
rmse_g,struct,0.8121546961325967,1.2034749034749035,-0.39132020734230677
entropy_g,arguable,4.0,3.9930734217296657,0.0069265782703342715
entropy_g,disagree,0.0,0.13754205422521273,-0.13754205422521273
entropy_g,iam2,0.0,0.13754205422521273,-0.13754205422521273
entropy_g,disput,0.0,0.03562240253314863,-0.03562240253314863
entropy_g,explor,1.1363636363636365,1.5931130021769246,-0.4567493658132882
entropy_g,bdisagree,0.0,0.13754205422521273,-0.13754205422521273
entropy_g,converge,2.8636363636363638,2.0625371066693052,0.8010992569670585
entropy_g,bagree,1.8636363636363635,1.2525232535127646,0.6111131101235989
entropy_g,baskinfo,0.0,0.31466455570947954,-0.31466455570947954
entropy_g,cumul,1.8636363636363635,1.1337819117356027,0.7298544519007608
entropy_g,nonarg,0.8636363636363636,1.055016821690085,-0.1913804580537214
entropy_g,qset,0.0,0.32060162279833765,-0.32060162279833765
entropy_g,qprop,1.0,0.9762517316445676,0.023748268355432423
entropy_g,feedback,1.0,0.7278844250940035,0.27211557490599647
entropy_g,namep,1.0,0.7971502077973481,0.20284979220265187
entropy_g,names,1.8636363636363635,0.8646348703740352,0.9990014932623283
entropy_g,proact,1.0,1.0237482683554324,-0.023748268355432423
entropy_g,struct,0.2727272727272727,1.0091035028695825,-0.7363762301423098
rmse_g,arguable,3.462857142857143,4.012040816326531,-0.5491836734693876
rmse_g,disagree,0.06857142857142857,0.13938775510204082,-0.07081632653061225
rmse_g,iam2,0.06857142857142857,0.13938775510204082,-0.07081632653061225
rmse_g,disput,0.05714285714285714,0.03469387755102041,0.022448979591836733
rmse_g,explor,1.3257142857142856,1.6006122448979592,-0.27489795918367355
rmse_g,bdisagree,0.16,0.13612244897959183,0.023877551020408172
rmse_g,converge,2.2685714285714287,2.0587755102040814,0.20979591836734723
rmse_g,bagree,1.6,1.2428571428571429,0.3571428571428572
rmse_g,baskinfo,0.3314285714285714,0.31265306122448977,0.018775510204081636
rmse_g,cumul,1.4114285714285715,1.1271428571428572,0.28428571428571425
rmse_g,nonarg,1.4514285714285715,1.04,0.4114285714285715
rmse_g,qset,0.3028571428571429,0.31979591836734694,-0.016938775510204063
rmse_g,qprop,1.2457142857142858,0.9667346938775511,0.2789795918367347
rmse_g,feedback,1.3542857142857143,0.7067346938775511,0.6475510204081633
rmse_g,namep,0.88,0.7951020408163265,0.08489795918367349
rmse_g,names,1.0171428571428571,0.8636734693877551,0.153469387755102
rmse_g,proact,1.1714285714285715,1.0183673469387755,0.15306122448979598
rmse_g,struct,1.3714285714285714,0.9928571428571429,0.37857142857142856
rmse_g,arguable,2.226890756302521,2.951544518473652,-0.7246537621711311
rmse_g,disagree,0.18487394957983194,0.17726630325055523,0.007607646329276713
rmse_g,iam2,0.18487394957983194,0.1227538865334141,0.062120063046417845
rmse_g,explor,1.0588235294117647,1.5804562891177065,-0.5216327597059418
rmse_g,bdisagree,0.18487394957983194,0.14092469210579447,0.04394925747403747
rmse_g,converge,1.6974789915966386,1.4859681001413285,0.2115108914553101
rmse_g,bagree,1.680672268907563,1.3228346456692914,0.3578376232382716
rmse_g,baskinfo,0.42016806722689076,0.2810417928528165,0.13912627437407427
rmse_g,cumul,1.134453781512605,1.1421360791439532,-0.0076822976313482005
rmse_g,nonarg,2.8907563025210083,0.6028669493236423,2.2878893531973663
rmse_g,qset,0.6050420168067226,0.451847365233192,0.15319465157353063
rmse_g,qprop,1.1260504201680672,1.0329093478699778,0.09314107229808943
rmse_g,feedback,1.9747899159663866,1.3157682212800323,0.6590216946863543
rmse_g,namep,0.6302521008403361,0.796890773268726,-0.16663867242838992
rmse_g,names,1.0252100840336134,1.096305269533616,-0.0710951855000026
rmse_g,proact,1.4705882352941178,1.3157682212800323,0.1548200140140854
rmse_g,struct,1.4369747899159664,1.4562891177064405,-0.01931432779047415
rmse_g,arguable,3.408450704225352,3.3162680371614943,0.09218266706385769
rmse_g,disagree,0.23943661971830985,0.3668709231073335,-0.12743430338902365
rmse_g,iam2,0.2323943661971831,0.3314884364498913,-0.0990940702527082
rmse_g,disput,0.0,0.017790077090334058,-0.017790077090334058
rmse_g,explor,1.2605633802816902,1.3344534492982802,-0.07389006901659001
rmse_g,bdisagree,0.23943661971830985,0.29571061474599725,-0.0562739950276874
rmse_g,converge,1.3873239436619718,1.1966791856098042,0.19064475805216752
rmse_g,bagree,1.2816901408450705,0.9150029650128484,0.3666871758322221
rmse_g,baskinfo,0.5422535211267606,0.2419450484285432,0.3003084726982174
rmse_g,cumul,1.2535211267605635,1.135204585886539,0.11831654087402455
rmse_g,nonarg,0.5352112676056338,0.4540423008499703,0.08116896675566343
rmse_g,qset,0.09154929577464789,0.2071555643407788,-0.11560626856613092
rmse_g,qprop,1.2394366197183098,0.997034987151611,0.24240163256669878
rmse_g,feedback,0.8802816901408451,0.8669697568689464,0.013311933271898724
rmse_g,namep,0.5352112676056338,0.6432101205771892,-0.10799885297155543
rmse_g,names,0.8873239436619719,0.9001779007709033,-0.012853957108931446
rmse_g,proact,1.2605633802816902,1.1883771496343152,0.07218623064737506
rmse_g,struct,0.8732394366197183,0.8434473216050603,0.02979211501465795
rmse_g,arguable,2.8679245283018866,2.6883039778349493,0.17962055046693726
rmse_g,disagree,0.6792452830188679,0.26360577874529983,0.41563950427356805
rmse_g,iam2,0.6918238993710691,0.2988323768058579,0.39299152256521125
rmse_g,disput,0.39622641509433965,0.023154561646546605,0.37307185344779303
rmse_g,explor,1.3962264150943395,1.5768850188007124,-0.18065860370637288
rmse_g,bdisagree,0.6163522012578616,0.1943399960419553,0.4220122052159063
rmse_g,converge,1.6666666666666667,1.428656243815555,0.23801042285111174
rmse_g,bagree,1.0062893081761006,0.9507223431624777,0.055566965013622904
rmse_g,baskinfo,0.31446540880503143,0.26914704136156736,0.04531836744346407
rmse_g,cumul,1.0943396226415094,1.0726301207203641,0.02170950192114529
rmse_g,nonarg,1.3081761006289307,1.2543043736394222,0.053871726989508595
rmse_g,qset,0.3584905660377358,0.2855729269740748,0.072917639063661
rmse_g,qprop,0.9685534591194969,0.7829012467840887,0.18565221233540818
rmse_g,feedback,1.4339622641509433,1.1969127251137939,0.23704953903714943
rmse_g,namep,0.6666666666666666,0.7270928161488225,-0.060426149482155855
rmse_g,names,1.2767295597484276,0.975064318226796,0.30166524152163166
rmse_g,proact,1.5220125786163523,1.3754205422521275,0.1465920363642248
rmse_g,struct,1.1320754716981132,1.0789629922818127,0.053112479416300484
rmse_g,arguable,2.658291457286432,3.3523622047244093,-0.6940707474379773
rmse_g,disagree,0.45226130653266333,0.5757874015748031,-0.1235260950421398
rmse_g,iam2,0.45226130653266333,0.5757874015748031,-0.1235260950421398
rmse_g,disput,0.0,0.04429133858267716,-0.04429133858267716
rmse_g,explor,1.2914572864321607,1.5916994750656168,-0.3002421886334561
rmse_g,bdisagree,0.45226130653266333,0.531496062992126,-0.07923475645946271
rmse_g,converge,2.271356783919598,1.8631889763779528,0.4081678075416453
rmse_g,bagree,2.090452261306533,1.4261811023622046,0.6642711589443282
rmse_g,baskinfo,0.8140703517587939,0.6615813648293963,0.1524889869293976
rmse_g,cumul,1.0753768844221105,0.9975393700787402,0.07783751434337038
rmse_g,nonarg,2.135678391959799,1.2508202099737533,0.8848581819860455
rmse_g,qset,0.9899497487437185,0.7198162729658792,0.2701334757778393
rmse_g,qprop,1.6582914572864322,1.2393372703412073,0.4189541869452249
rmse_g,feedback,2.1758793969849246,1.520997375328084,0.6548820216568405
rmse_g,namep,1.0,0.927001312335958,0.07299868766404205
rmse_g,names,1.0,0.9958989501312336,0.00410104986876636
rmse_g,proact,1.4572864321608041,1.2508202099737533,0.2064662221870508
rmse_g,struct,1.763819095477387,1.0488845144356955,0.7149345810416914
rmse_g,arguable,2.0280898876404496,2.231792022226632,-0.20370213458618247
rmse_g,disagree,0.8314606741573034,0.8993847985711451,-0.06792412441384166
rmse_g,iam2,0.5280898876404494,0.8207977773367732,-0.2927078896963238
rmse_g,disput,0.0,0.035721373288350865,-0.035721373288350865
rmse_g,explor,1.2696629213483146,1.5268902560031752,-0.2572273346548606
rmse_g,bdisagree,0.47191011235955055,0.5370113117682079,-0.06510119940865738
rmse_g,converge,1.4719101123595506,1.4113911490375075,0.060518963322043096
rmse_g,bagree,1.2808988764044944,1.0966461599523716,0.18425271645212282
rmse_g,baskinfo,0.7078651685393258,0.30839452272276247,0.39947064581656333
rmse_g,cumul,1.0,1.0410795792816034,-0.04107957928160344
rmse_g,nonarg,2.196629213483146,1.6102401270093272,0.5863890864738188
rmse_g,qset,0.7134831460674157,0.4207183965072435,0.2927647495601722
rmse_g,qprop,1.6853932584269662,1.3145465370113119,0.37084672141565433
rmse_g,feedback,1.4550561797752808,1.1923000595356221,0.26275612023965866
rmse_g,namep,0.8033707865168539,0.8765628100813654,-0.07319202356451149
rmse_g,names,0.949438202247191,1.00238142488589,-0.052943222638698995
rmse_g,proact,1.4775280898876404,1.251041873387577,0.2264862165000634
rmse_g,struct,1.6404494382022472,1.5251041873387576,0.11534525086348957
rmse_g,arguable,2.41871921182266,2.8751545117428923,-0.45643529992023213
rmse_g,disagree,0.3793103448275862,0.3735063864853729,0.005803958342213311
rmse_g,iam2,0.4630541871921182,0.40708693860733414,0.05596724858478408
rmse_g,disput,0.0,0.018541409147095178,-0.018541409147095178
rmse_g,explor,0.8325123152709359,1.1332921302018955,-0.3007798149309595
rmse_g,bdisagree,0.4433497536945813,0.27812113720642767,0.16522861648815362
rmse_g,converge,0.9261083743842364,1.0092707045735476,-0.08316233018931118
rmse_g,bagree,0.9802955665024631,1.0564482900700454,-0.07615272356758229
rmse_g,baskinfo,1.064039408866995,0.24598269468479605,0.818056714182199
rmse_g,cumul,1.0,1.061804697156984,-0.06180469715698389
rmse_g,nonarg,2.103448275862069,0.7418623815409972,1.3615858943210717
rmse_g,qset,0.541871921182266,0.43469303667078696,0.10717888451147906
rmse_g,qprop,0.9852216748768473,0.8152039555006181,0.17001771937622923
rmse_g,feedback,1.0,0.8702101359703337,0.1297898640296663
rmse_g,namep,0.5911330049261084,0.754017305315204,-0.16288430038909552
rmse_g,names,0.8325123152709359,0.9204779563246807,-0.08796564105374471
rmse_g,proact,1.0738916256157636,1.0957972805933252,-0.021905654977561584
rmse_g,struct,1.083743842364532,0.9408735063864854,0.14287033597804666
rmse_g,arguable,2.422222222222222,2.7300911854103345,-0.3078689631881124
rmse_g,disagree,0.2962962962962963,0.30192502532928067,-0.005628729032984392
rmse_g,iam2,0.2962962962962963,0.28368794326241137,0.012608353033884911
rmse_g,disput,0.0,0.0364741641337386,-0.0364741641337386
rmse_g,explor,1.2518518518518518,1.52806484295846,-0.27621299110660824
rmse_g,bdisagree,0.2962962962962963,0.24721377912867273,0.049082517167623546
rmse_g,converge,1.2814814814814814,1.1929078014184398,0.08857368006304167
rmse_g,bagree,0.9111111111111111,0.8382978723404255,0.07281323877068557
rmse_g,baskinfo,0.48148148148148145,0.23606889564336372,0.24541258583811773
rmse_g,cumul,1.0,0.9513677811550152,0.04863221884498481
rmse_g,nonarg,1.6814814814814816,1.2731509625126647,0.4083305189688169
rmse_g,qset,0.17777777777777778,0.23829787234042554,-0.06052009456264776
rmse_g,qprop,1.0666666666666667,0.5848024316109423,0.4818642350557244
rmse_g,feedback,0.8222222222222222,0.8103343465045593,0.011887875717662921
rmse_g,namep,0.4,0.7185410334346505,-0.31854103343465046
rmse_g,names,0.45185185185185184,0.5529888551165147,-0.1011370032646629
rmse_g,proact,0.8074074074074075,1.047821681864235,-0.2404142744568275
rmse_g,struct,0.7333333333333333,0.7762917933130699,-0.042958459979736574
entropy_g,arguable,3.0,2.7992315081652257,0.2007684918347743
entropy_g,disagree,1.0,0.25600384245917385,0.7439961575408262
entropy_g,iam2,1.0,0.27041306436119117,0.7295869356388088
entropy_g,disput,0.0,0.01440922190201729,-0.01440922190201729
entropy_g,explor,2.0,1.4918347742555236,0.5081652257444764
entropy_g,bdisagree,1.0,0.14073006724303555,0.8592699327569644
entropy_g,converge,1.0,1.144092219020173,-0.144092219020173
entropy_g,bagree,0.0,0.7632084534101825,-0.7632084534101825
entropy_g,baskinfo,0.0,0.33621517771373677,-0.33621517771373677
entropy_g,cumul,1.0,0.9327569644572526,0.06724303554274735
entropy_g,nonarg,1.0,0.6676272814601345,0.3323727185398655
entropy_g,qset,1.0,0.5970220941402498,0.40297790585975024
entropy_g,qprop,2.0,0.9390009606147934,1.0609990393852065
entropy_g,feedback,1.0,1.1248799231508164,-0.12487992315081642
entropy_g,namep,1.0,0.6738712776176753,0.3261287223823247
entropy_g,names,2.0,0.7857829010566763,1.2142170989433239
entropy_g,proact,2.0,1.3904899135446687,0.6095100864553313
entropy_g,struct,1.0,0.904418828049952,0.095581171950048
rmse_g,arguable,2.5303643724696356,2.8109634551495017,-0.2805990826798661
rmse_g,disagree,0.46153846153846156,0.2501661129568106,0.21137234858165094
rmse_g,iam2,0.46153846153846156,0.2651162790697674,0.19642218246869414
rmse_g,disput,0.044534412955465584,0.013122923588039867,0.031411489367425716
rmse_g,explor,1.2834008097165992,1.5021594684385382,-0.218758658721939
rmse_g,bdisagree,0.32793522267206476,0.13604651162790699,0.19188871104415778
rmse_g,converge,1.0728744939271255,1.1465116279069767,-0.07363713397985117
rmse_g,bagree,0.7125506072874493,0.762624584717608,-0.05007397743015862
rmse_g,baskinfo,0.5425101214574899,0.326578073089701,0.2159320483677889
rmse_g,cumul,0.7449392712550608,0.9406976744186046,-0.19575840316354387
rmse_g,nonarg,1.0364372469635628,0.6536544850498339,0.38278276191372884
rmse_g,qset,0.7165991902834008,0.5935215946843854,0.12307759559901543
rmse_g,qprop,1.4412955465587045,0.922093023255814,0.5192025233028905
rmse_g,feedback,1.7206477732793521,1.1,0.620647773279352
rmse_g,namep,0.5060728744939271,0.6818936877076412,-0.17582081321371412
rmse_g,names,0.8178137651821862,0.7887043189368771,0.02910944624530909
rmse_g,proact,1.688259109311741,1.3803986710963456,0.3078604382153953
rmse_g,struct,1.3643724696356276,0.8858803986710964,0.4784920709645313
entropy_g,arguable,3.0,3.586413415468857,-0.586413415468857
entropy_g,disagree,0.0,0.36960985626283366,-0.36960985626283366
entropy_g,iam2,0.0,0.36960985626283366,-0.36960985626283366
entropy_g,disput,0.0,0.030800821355236138,-0.030800821355236138
entropy_g,explor,2.0,1.677789185489391,0.32221081451060907
entropy_g,bdisagree,0.0,0.2926078028747433,-0.2926078028747433
entropy_g,converge,1.0,1.4043463381245722,-0.4043463381245722
entropy_g,bagree,1.0,1.373545516769336,-0.373545516769336
entropy_g,baskinfo,0.0,0.32854209445585214,-0.32854209445585214
entropy_g,cumul,1.0,0.993668720054757,0.0063312799452429624
entropy_g,nonarg,1.0,0.54072553045859,0.45927446954141005
entropy_g,qset,0.0,0.3131416837782341,-0.3131416837782341
entropy_g,qprop,1.0,0.7381930184804928,0.2618069815195072
entropy_g,feedback,2.0,0.9579055441478439,1.042094455852156
entropy_g,namep,0.0,0.5390143737166324,-0.5390143737166324
entropy_g,names,2.0,0.9693702943189596,1.0306297056810405
entropy_g,proact,1.0,1.0205338809034907,-0.02053388090349073
entropy_g,struct,2.0,0.6254277891854894,1.3745722108145106
rmse_g,arguable,3.5904761904761906,3.5832597563129083,0.007216434163282326
rmse_g,disagree,0.4380952380952381,0.36517746777326504,0.07291777032197305
rmse_g,iam2,0.4380952380952381,0.36517746777326504,0.07291777032197305
rmse_g,disput,0.08095238095238096,0.028783330390252517,0.052169050562128436
rmse_g,explor,1.6428571428571428,1.680734592971923,-0.037877450114780276
rmse_g,bdisagree,0.3761904761904762,0.2880098887515451,0.08818058743893109
rmse_g,converge,1.4333333333333333,1.4012007769733357,0.03213255635999768
rmse_g,bagree,1.519047619047619,1.3662369768673848,0.1528106421802342
rmse_g,baskinfo,0.4714285714285714,0.3215610100653364,0.14986756136323504
rmse_g,cumul,0.9476190476190476,0.9954087939254812,-0.04778974630643362
rmse_g,nonarg,0.6666666666666666,0.53840720466184,0.12825946200482663
rmse_g,qset,0.5,0.3046088645594208,0.19539113544057918
rmse_g,qprop,0.8380952380952381,0.7358290658661487,0.1022661722290894
rmse_g,feedback,1.1761904761904762,0.9551474483489316,0.22104302784154461
rmse_g,namep,0.5142857142857142,0.5371711107187004,-0.02288539643298615
rmse_g,names,1.1,0.9698039908175878,0.13019600918241225
rmse_g,proact,1.0666666666666667,1.018717993996115,0.047948672670551584
rmse_g,struct,1.0095238095238095,0.6182235564188593,0.3913002531049502
rmse_g,arguable,3.2154696132596685,3.238186769181483,-0.02271715592181467
rmse_g,disagree,0.6740331491712708,0.6003523946820439,0.07368075448922684
rmse_g,iam2,0.6740331491712708,0.6003523946820439,0.07368075448922684
rmse_g,disput,0.027624309392265192,0.056863687329809384,-0.029239377937544192
rmse_g,explor,1.5303867403314917,1.584654813390998,-0.054268073059506206
rmse_g,bdisagree,0.6740331491712708,0.6099631587377863,0.06406999043348449
rmse_g,converge,1.6408839779005524,1.7227294569918308,-0.08184547909127837
rmse_g,bagree,1.5524861878453038,1.537241710716002,0.015244477129301881
rmse_g,baskinfo,1.0497237569060773,0.9786961396764376,0.07102761722963968
rmse_g,cumul,1.0,1.0102514816594586,-0.01025148165945855
rmse_g,nonarg,1.87292817679558,1.5292327406695498,0.34369543612603026
rmse_g,qset,0.6850828729281768,0.5760051257408297,0.10907774718734708
rmse_g,qprop,0.9116022099447514,0.853596027550857,0.058006182393894434
rmse_g,feedback,1.0331491712707181,1.0999519461797214,-0.06680277490900322
rmse_g,namep,0.9502762430939227,0.86144481819638,0.0888314248975427
rmse_g,names,0.8176795580110497,0.8941214159859042,-0.07644185797485448
rmse_g,proact,1.0055248618784531,1.0719205510171392,-0.0663956891386861
rmse_g,struct,0.4585635359116022,0.6889316033958033,-0.23036806748420108
rmse_g,arguable,1.4550898203592815,2.039388399534652,-0.5842985791753703
rmse_g,disagree,0.3712574850299401,0.27389064317766326,0.09736684185227684
rmse_g,iam2,0.059880239520958084,0.26757520358982884,-0.20769496406887075
rmse_g,disput,0.0,0.029915240152900115,-0.029915240152900115
rmse_g,explor,0.7425149700598802,1.2956622901778294,-0.5531473201179492
rmse_g,bdisagree,0.08982035928143713,0.20691374439089247,-0.11709338510945534
rmse_g,converge,1.2335329341317365,1.192288515871697,0.04124441826003955
rmse_g,bagree,1.1616766467065869,0.9998338042213728,0.16184284248521408
rmse_g,baskinfo,1.2335329341317365,0.3845770317433937,0.8489559023883428
rmse_g,cumul,1.0718562874251496,1.0771148412830314,-0.005258553857881765
rmse_g,nonarg,1.7245508982035929,0.6209074289513047,1.103643469252288
rmse_g,qset,1.0119760479041917,0.5054013628053847,0.506574685098807
rmse_g,qprop,1.2395209580838322,0.7134784776466677,0.5260424804371645
rmse_g,feedback,2.0179640718562872,1.1406016287186305,0.8773624431376568
rmse_g,namep,0.3473053892215569,0.5737078278211734,-0.22640243859961645
rmse_g,names,0.437125748502994,0.7207910919062656,-0.28366534340327154
rmse_g,proact,1.6167664670658684,1.1367791258102045,0.4799873412556639
rmse_g,struct,0.5988023952095808,0.55176998504238,0.04703241016720083
entropy_g,arguable,2.0,2.9275390625,-0.9275390625000002
entropy_g,disagree,0.0,0.451171875,-0.451171875
entropy_g,iam2,0.0,0.416015625,-0.416015625
entropy_g,disput,0.0,0.0703125,-0.0703125
entropy_g,explor,1.0,1.6052734375,-0.6052734375
entropy_g,bdisagree,0.0,0.275390625,-0.275390625
entropy_g,converge,2.0,1.537109375,0.462890625
entropy_g,bagree,2.0,1.009765625,0.990234375
entropy_g,baskinfo,1.0,0.4978515625,0.5021484375
entropy_g,cumul,1.0,1.158203125,-0.158203125
entropy_g,nonarg,4.0,1.05859375,2.94140625
entropy_g,qset,0.0,0.451171875,-0.451171875
entropy_g,qprop,1.0,0.8669921875,0.13300781250000004
entropy_g,feedback,1.0,0.82421875,0.17578125
entropy_g,namep,1.0,0.8083984375,0.19160156250000004
entropy_g,names,1.0,1.1716796875,-0.17167968749999996
entropy_g,proact,1.0,1.2109375,-0.2109375
entropy_g,struct,2.0,1.0701171875,0.9298828125
rmse_g,arguable,2.722826086956522,2.929333601771693,-0.20650751481517116
rmse_g,disagree,0.5978260869565217,0.4429232937386753,0.15490279321784645
rmse_g,iam2,0.5380434782608695,0.40889873162874973,0.12914474663211978
rmse_g,disput,0.19021739130434784,0.0654318502113952,0.12478554109295263
rmse_g,explor,1.3043478260869565,1.6126434467485404,-0.3082956206615839
rmse_g,bdisagree,0.5108695652173914,0.26494866116368027,0.2459209040537111
rmse_g,converge,1.940217391304348,1.5250654318502115,0.4151519594541364
rmse_g,bagree,1.7445652173913044,0.9887255888866519,0.7558396285046526
rmse_g,baskinfo,1.1141304347826086,0.47815582846788807,0.6359746063147206
rmse_g,cumul,1.2065217391304348,1.1554258103482988,0.05109592878213598
rmse_g,nonarg,1.940217391304348,1.0442923293738675,0.8959250619304804
rmse_g,qset,0.42934782608695654,0.44916448560499295,-0.019816659518036406
rmse_g,qprop,1.2554347826086956,0.8534326555264747,0.40200212708222083
rmse_g,feedback,1.1467391304347827,0.8133682303201127,0.33337090011466997
rmse_g,namep,0.8695652173913043,0.8073283672236763,0.06223685016762803
rmse_g,names,1.0815217391304348,1.1739480571773706,-0.0924263180469358
rmse_g,proact,1.1195652173913044,1.2130058385343265,-0.0934406211430221
rmse_g,struct,1.315217391304348,1.0668411516005638,0.24837623970378409
