mid,date,team,axis_cont,axis_event,Ctopic,Cl10,Cinterior,axis_CACS,axis_IAM,axis_Mercer,axis_Bales,axis_act4teams,axis_ISO,week
2024.10.14startup_a,20241014,startup_a,0.16653086770793823,0.30198494346707755,0.09276063490454757,1.066778211633516,-0.09465683553278983,0.0930601916557321,0.3524295998802996,0.2578162794299565,0.19088796404734903,0.43245257936193676,0.2940390098998556,0
2024.10.25startup_a,20241025,startup_a,0.22690564079938874,0.3111991658712282,0.16903603107162396,0.9432628084817027,-0.12120358929352035,0.3992857912841089,0.6895965833829841,0.724696024178362,0.16511642847901817,0.0030672947679143948,0.2273807265441471,1
2024.11.04startup_a,20241104,startup_a,0.20898865700211092,0.5153449751733337,0.11258858068664386,1.0312522005857585,-0.08956040265566882,0.9648877048033122,0.6787788212500014,0.8510388296610301,0.5332098047986633,0.29683744121853306,-0.0216314492321439,2
2024.11.11startup_a,20241111,startup_a,0.1987950659470482,0.9024543241350436,0.05768312959575239,0.8225863576382504,-0.08407329437843523,1.4603972034521746,0.43849720050283314,0.7893659501063934,0.5478537614239926,1.1325903380829618,0.5429975899633914,3
2024.11.18startup_a,20241118,startup_a,0.18157926178666833,0.015084517100397673,0.0870517253760444,1.2145254859352865,-0.11701759996439416,-0.032164207981839575,-0.4113360280108234,-0.06911671423786926,0.22544392440048794,-0.09794383177410035,0.0904738810753083,4
2024.12.09startup_a,20241209,startup_a,0.2730497376904726,0.5620916925505138,0.21985609587760363,0.5535020568291852,-0.12105121933125576,0.7599821256965998,0.6277701309235408,0.2174366652080627,0.5291099396216773,0.3124435601952624,0.7385854129990927,5
2024.12.13startup_a,20241213,startup_a,0.3268183144497626,0.6387728754423612,0.2152270294882166,0.44936673225284324,-0.1316538364395186,0.9940103654606351,0.7120624407220215,1.0205171261060948,0.6921444348399265,0.3736697541907813,0.3080367179671191,6
2024.12.23startup_a,20241223,startup_a,0.35236838614118615,0.8434130741531433,0.16477264627115143,0.6568305050425011,-0.09025620099653343,1.4546983230021924,1.1110922551262745,0.6053569466371118,0.7705213127960784,0.7437074098632381,0.16872810039272912,7
2025.01.06startup_a,20250106,startup_a,0.13285800456084632,0.4601199691662762,0.057603176942872404,0.8576828806769543,-0.07161533266285061,0.7219601823678161,-0.03820173221208969,0.35328850934983674,0.33638512178556257,0.5226013383813783,0.23848627599043387,8
2025.01.13startup_a,20250113,startup_a,0.1454313891673533,0.5525630657495842,0.046428637615101916,0.9586213628389013,-0.053259248219711175,0.7000600760620265,0.7260660214306092,0.9954316240782335,0.4339945750494318,0.41299152340705564,0.44556667991862586,9
2025.02.24startup_a,20250224,startup_a,0.2762420831785662,0.5727484739829314,0.20100809979674283,0.7256339004954795,-0.08444450671579143,0.9122510137380949,0.7253985250216706,0.9150422860846663,0.5751653029588217,0.44908380963717204,0.3198267797039808,10
2025.03.02startup_a,20250302,startup_a,0.29294118461931345,0.3136116077000787,0.3142081465053978,0.3810099041380675,-0.09645899902530247,0.3891307775702811,1.191080367531444,0.2508882079659398,0.19632156909940543,0.2481396198407132,0.20197819447169202,11
2025.03.17startup_a,20250317,startup_a,0.2551523289092994,0.26936631615759116,0.13647657351549328,0.551963821363344,-0.07183193165942701,0.3509263026767014,-0.39948260715289874,1.278360294243981,0.1391470195170482,0.33811755246076314,0.22828498030666358,12
2025.03.25startup_a,20250325,startup_a,0.23201033315325065,0.521325151466098,0.0701649121002992,0.39476859470651304,-0.0328318168264747,0.7855503156532635,0.014066970966722435,0.3072532353811791,0.4047262672525487,0.5198455722604682,0.33596961392146885,13
2025.03.31startup_a,20250331,startup_a,0.1948871995374515,0.3586189154786698,0.3114500615596041,0.6316955017906735,-0.1230381859687055,0.5470469631907601,0.3502716988580646,0.37062538901312336,0.3030647412940437,0.2972520506109028,0.14890959591108338,14
2025.04.07startup_a,20250407,startup_a,0.0541532125932477,0.17909571470326674,-0.005103392477278885,0.6380558486077683,-0.018601460009046902,0.3490381473841838,0.410491754828233,0.3077412540275422,0.23728954837044416,-0.0867523054239705,0.23839513193405623,15
2025.04.14startup_a,20250414,startup_a,0.2499476823509258,0.8165856135157936,-0.002196281370720284,0.8382029330506693,-0.012806565955033955,1.2875205508470544,-0.05824371317970923,0.7043474822245327,0.6265780288934127,0.8654361329672438,0.6426343163732284,16
2024.10.14startup_b,20241014,startup_b,0.2773591222274447,0.5058036252441097,0.05417053540997312,0.45128246357595336,-0.06251522111633384,0.720686616731686,0.036933778602817234,0.7798261542180289,0.3416448138213779,0.41325456385997983,0.6237570515874367,0
2024.10.28startup_b,20241028,startup_b,0.3158780017444072,0.39794048485649597,0.19455170791768797,0.6197761665418237,-0.13979468861509683,0.4412081027605561,0.4608914288303631,0.7342340678781935,0.2081244509844272,0.3201964782224785,0.3237602189611354,1
2024.11.04startup_b,20241104,startup_b,0.29160909845713184,0.7950071429767211,0.234145298000502,0.2633700954125275,-0.1149529108592398,1.1453398861208532,0.5343071087025042,1.4528839115698744,0.5213017977010305,0.718253133141106,0.35970747985132057,2
2024.11.11startup_b,20241111,startup_b,0.4069298911463638,0.9518952518733996,0.33491469594495044,0.7705123170547521,-0.20832336463860546,1.3049441807302555,0.5645811113708009,1.0856262408310653,0.7801726268559357,1.0010484204199366,0.4277574640754826,3
2024.11.18startup_b,20241118,startup_b,0.3258687689467712,0.8236936270821253,0.21749094755164353,0.3313976986720317,-0.11439586833024037,1.265221640027441,1.013213303675813,0.5170107581631421,0.5339680381865949,0.6074221688209253,0.6695776485857816,4
2024.12.02startup_b,20241202,startup_b,0.06627141366930545,0.08935038327610964,0.06366366454172057,0.12443705482997297,-0.05611561314836288,0.5290695289790082,0.16383447329525386,0.1158013041279773,0.09559710810271216,0.0018914966300094434,0.14161521912018754,5
2024.12.16startup_b,20241216,startup_b,0.25396988662073616,0.32825098600916014,0.15697102457111672,0.5159143238948762,-0.13169968993224837,0.5180325908301114,0.20136651564564753,-0.07971146027967542,0.30912469897953954,0.2350052694858617,0.2989647965847499,6
2024.12.23startup_b,20241223,startup_b,0.3114172066281506,0.5888019391445656,0.3168210889079083,0.7770722150432188,-0.1734755328713827,0.590125884514177,0.8522286195957429,0.6200189923610558,0.43509799097577345,0.3979806311741349,0.43701762979529385,7
2025.01.06startup_b,20250106,startup_b,0.21606996511573803,0.48542656991799654,0.0743034768383159,0.6503274696609765,-0.06924289251217554,0.7464905136149951,0.07136589886551732,0.6208820911596503,0.22034628299882275,0.5346939026721141,0.3951254189835489,8
2025.01.13startup_b,20250113,startup_b,0.29484993153674305,0.4619014370267782,0.29534449392905654,1.0267756433223698,-0.17133726026859025,1.0235342060258619,0.5527625043248637,0.6078491516095673,0.4461630170858815,0.21899875966976456,0.0587174529678055,9
2025.02.10startup_b,20250210,startup_b,0.339225156755309,1.0944037093291819,0.11527816923958795,0.749693966754507,-0.07277301925704924,1.9012125601125527,0.713320601743127,1.624740992478545,1.0066869657010615,0.9140559544393808,0.001885625900235338,10
2025.02.24startup_b,20250224,startup_b,0.335280577951925,0.9049758034193036,0.2971977017213729,0.6611403791446204,-0.13241624787912484,1.9701076073617503,0.5864828889148533,1.0195965344092892,1.017101651671,0.5477049465629472,0.25137593348836784,11
2025.03.17startup_b,20250317,startup_b,0.2930971522362772,0.6787120042228509,0.3804782702465953,0.45504877183221687,-0.2158055742410447,0.8868507444582961,1.0872559824425805,0.6624679832991075,0.5350552816432869,0.5427682489042592,0.6108561697388678,12
2025.03.24startup_b,20250324,startup_b,0.23024473902059703,0.5833670755724145,0.2948467486515032,0.9992630217890489,-0.1777274791798486,0.6040775684526942,0.370325263054865,0.32793350331238647,0.5028866786546878,0.629308991282271,0.4740345582089802,13
2025.03.31startup_b,20250331,startup_b,0.3320238391379925,0.5797536582060068,0.3482992209746414,0.8992690889004089,-0.11424055507947191,0.8165411335155645,0.46036153275159136,0.3576190645279014,0.4292910198623653,0.7084420871788645,0.3758183149829362,14
2025.04.07startup_b,20250407,startup_b,0.1413719211340938,0.005771972661474587,0.2119026937948109,0.9620763919349001,-0.17025381014854254,0.2502079971719818,-0.339432394495631,-0.03517349486738643,0.020915625394386406,-0.0880697202155455,0.014766654623382638,15
2025.04.14startup_b,20250414,startup_b,0.13093952251129726,0.39242440192965544,0.06047248980521451,0.5373382626118633,-0.024226575452614304,0.8430838889212386,0.46124896895995665,0.8750173554393473,0.38781917942627114,0.13102077802397516,0.2391767055678581,16
