handoff,opening,question,new_voice,convergence,roundrobin,n_spk_peri,mid,c,primary
0,0,0,0,0,0,1,2024.10.14startup_a,273.8,other/diffuse
0,0,1,1,0,1,3,2024.10.14startup_a,322.0,new_voice
1,0,1,0,0,0,2,2024.10.14startup_a,361.0,handoff
1,1,1,0,0,0,3,2024.10.14startup_a,553.0,handoff
0,0,1,0,0,0,1,2024.10.14startup_a,611.0,question
1,1,1,0,0,0,0,2024.10.14startup_a,930.5,handoff
1,0,1,1,0,1,3,2024.10.14startup_a,969.0,handoff
0,0,1,0,0,0,1,2024.10.14startup_a,1744.0,question
1,0,1,0,0,0,2,2024.10.14startup_a,1904.4285714285713,handoff
1,0,1,0,0,0,1,2024.10.14startup_a,2052.5,handoff
0,1,0,1,0,0,1,2024.10.14startup_a,2126.5,new_voice
0,1,1,0,0,0,2,2024.10.14startup_a,2441.0,question
1,0,0,0,0,0,2,2024.10.14startup_a,2487.0,handoff
0,0,0,0,0,0,0,2024.10.14startup_a,2777.0,other/diffuse
1,0,1,1,0,0,2,2024.10.14startup_a,2840.1428571428573,handoff
1,1,1,0,0,0,2,2024.10.14startup_a,2936.0,handoff
1,1,1,1,0,0,2,2024.10.14startup_a,3657.5,handoff
0,0,1,0,0,1,3,2024.10.14startup_a,3714.0,question
1,0,0,1,0,1,3,2024.10.14startup_a,3820.0,handoff
0,0,1,0,0,0,1,2024.10.14startup_a,4002.0,question
1,0,1,0,0,1,3,2024.10.14startup_a,5151.0,handoff
1,0,1,1,0,1,3,2024.10.14startup_b,147.11111111111111,handoff
1,0,0,0,0,0,3,2024.10.14startup_b,345.5,handoff
1,0,0,1,1,1,4,2024.10.14startup_b,528.5,handoff
0,0,1,0,0,0,2,2024.10.14startup_b,645.0,question
0,1,0,0,0,1,3,2024.10.14startup_b,925.0,opening
1,0,1,0,0,1,3,2024.10.14startup_b,1077.0,handoff
1,1,1,1,0,1,4,2024.10.14startup_b,1616.0,handoff
1,0,1,0,0,1,3,2024.10.14startup_b,2092.0,handoff
1,0,1,0,0,1,3,2024.10.14startup_b,3522.5,handoff
1,0,1,0,0,1,4,2024.10.14startup_b,4658.5,handoff
1,0,1,0,0,1,4,2024.10.14startup_b,4906.0,handoff
0,0,1,0,0,1,3,2024.10.25startup_a,1478.0,question
1,0,1,0,0,1,3,2024.10.25startup_a,1592.0,handoff
1,0,1,1,0,1,4,2024.10.25startup_a,2440.846153846154,handoff
1,0,1,0,0,1,3,2024.10.25startup_a,2485.5,handoff
0,0,1,0,0,0,1,2024.10.25startup_a,2929.5,question
0,0,0,0,0,0,0,2024.10.25startup_a,3162.0,other/diffuse
0,0,1,0,0,0,2,2024.10.25startup_a,3213.3846153846152,question
1,1,0,0,0,1,3,2024.10.25startup_a,4393.0,handoff
0,0,1,0,0,0,3,2024.10.25startup_a,4499.0,question
0,0,0,0,0,0,2,2024.10.25startup_a,4667.5,other/diffuse
0,1,1,1,0,1,3,2024.10.25startup_a,4703.05,new_voice
0,0,1,1,0,1,3,2024.10.25startup_a,4910.916666666667,new_voice
1,0,0,1,0,1,3,2024.10.25startup_a,5039.0,handoff
1,0,1,1,0,1,3,2024.10.25startup_a,5180.5,handoff
0,0,0,0,0,0,2,2024.10.28startup_b,177.5,other/diffuse
0,0,1,0,0,0,2,2024.10.28startup_b,247.5,question
0,0,0,0,0,0,1,2024.10.28startup_b,509.0,other/diffuse
1,1,1,1,0,0,2,2024.10.28startup_b,716.0,handoff
1,0,1,1,0,0,3,2024.10.28startup_b,758.0,handoff
1,0,1,1,0,1,3,2024.10.28startup_b,1556.0,handoff
1,0,0,1,0,0,3,2024.10.28startup_b,1877.0,handoff
1,1,1,0,0,1,4,2024.10.28startup_b,1908.5,handoff
1,0,1,0,0,1,3,2024.10.28startup_b,1997.0,handoff
1,0,1,0,0,0,3,2024.10.28startup_b,2062.0,handoff
1,0,0,1,0,1,3,2024.10.28startup_b,2124.8823529411766,handoff
0,0,1,0,0,0,1,2024.10.28startup_b,3295.5,question
1,0,1,1,0,1,3,2024.10.28startup_b,3917.5,handoff
0,0,0,1,0,1,3,2024.10.28startup_b,4482.0,new_voice
1,1,0,1,0,0,2,2024.11.04startup_a,126.0,handoff
1,0,1,0,0,0,1,2024.11.04startup_a,292.6666666666667,handoff
1,0,1,0,0,0,2,2024.11.04startup_a,322.625,handoff
0,1,1,1,0,0,2,2024.11.04startup_a,621.5,new_voice
1,0,1,0,0,0,1,2024.11.04startup_a,1110.0,handoff
1,0,1,1,0,1,4,2024.11.04startup_a,2250.0,handoff
1,0,1,0,0,1,3,2024.11.04startup_a,2286.5,handoff
0,0,0,0,0,0,2,2024.11.04startup_a,2542.0,other/diffuse
1,0,1,1,0,0,2,2024.11.04startup_a,3171.8333333333335,handoff
1,1,1,0,0,0,2,2024.11.04startup_a,3328.5,handoff
0,1,1,0,0,0,2,2024.11.04startup_a,3401.5,question
1,0,1,0,0,0,2,2024.11.04startup_a,3415.0,handoff
0,0,0,1,0,1,3,2024.11.04startup_a,4962.5,new_voice
1,0,0,0,0,0,1,2024.11.04startup_b,177.0,handoff
1,0,0,1,0,0,2,2024.11.04startup_b,569.0,handoff
1,0,1,1,0,0,2,2024.11.04startup_b,586.0,handoff
1,0,1,0,0,0,1,2024.11.04startup_b,698.0,handoff
0,0,1,1,0,1,3,2024.11.04startup_b,838.0,new_voice
0,0,1,0,0,0,2,2024.11.04startup_b,1239.0,question
1,0,1,1,0,1,3,2024.11.04startup_b,1570.0,handoff
1,0,1,1,0,0,2,2024.11.04startup_b,1950.5,handoff
1,1,1,0,0,1,3,2024.11.04startup_b,2722.0,handoff
1,0,1,0,0,0,2,2024.11.04startup_b,2815.5,handoff
1,1,0,0,0,0,3,2024.11.04startup_b,3016.5,handoff
1,0,1,1,0,1,3,2024.11.04startup_b,3365.2,handoff
0,0,0,0,0,0,2,2024.11.04startup_b,4849.5,other/diffuse
0,0,1,0,0,0,2,2024.11.11startup_a,55.22222222222222,question
1,0,1,0,0,0,0,2024.11.11startup_a,133.5,handoff
1,0,1,0,0,0,1,2024.11.11startup_a,264.5,handoff
1,0,0,1,0,0,2,2024.11.11startup_a,799.0,handoff
1,0,0,1,0,1,3,2024.11.11startup_a,818.0,handoff
0,1,0,1,0,0,1,2024.11.11startup_a,1357.0,new_voice
1,1,1,0,0,0,2,2024.11.11startup_a,1416.2,handoff
1,0,1,1,0,0,2,2024.11.11startup_a,1558.5,handoff
1,0,0,0,0,0,1,2024.11.11startup_a,2020.0,handoff
1,1,0,1,0,1,3,2024.11.11startup_a,2141.3333333333335,handoff
1,0,0,1,0,0,2,2024.11.11startup_a,2205.0,handoff
1,1,0,1,0,0,2,2024.11.11startup_a,2219.0,handoff
1,0,0,0,0,0,2,2024.11.11startup_a,2410.0,handoff
0,0,0,0,0,0,1,2024.11.11startup_a,2897.0,other/diffuse
1,0,1,0,0,0,3,2024.11.11startup_a,3019.0,handoff
0,0,1,1,0,1,3,2024.11.11startup_a,3036.0,new_voice
1,1,0,1,0,1,3,2024.11.11startup_a,3412.0,handoff
1,0,0,0,0,1,3,2024.11.11startup_b,450.0,handoff
1,1,1,1,0,0,3,2024.11.11startup_b,672.1428571428571,handoff
0,0,1,1,0,1,3,2024.11.11startup_b,937.5,new_voice
1,0,1,1,0,1,4,2024.11.11startup_b,1191.5714285714287,handoff
1,0,1,1,0,1,3,2024.11.11startup_b,1564.0,handoff
1,0,0,0,0,0,2,2024.11.11startup_b,2140.0,handoff
1,0,0,1,0,1,3,2024.11.11startup_b,2708.5,handoff
1,0,1,0,0,1,3,2024.11.11startup_b,2892.0,handoff
0,0,0,0,0,0,2,2024.11.11startup_b,3678.0,other/diffuse
1,0,0,0,0,0,2,2024.11.11startup_b,4026.5,handoff
1,0,0,0,0,1,3,2024.11.11startup_b,5456.0,handoff
0,0,0,0,0,0,2,2024.11.18startup_a,78.0,other/diffuse
0,0,0,1,0,0,2,2024.11.18startup_a,112.0,new_voice
1,0,0,0,0,0,0,2024.11.18startup_a,1493.0,handoff
0,1,1,0,0,0,2,2024.11.18startup_a,2285.5,question
0,0,1,0,0,0,1,2024.11.18startup_a,2947.7,question
1,0,0,0,0,0,2,2024.11.18startup_a,3105.0,handoff
0,0,1,0,0,0,0,2024.11.18startup_a,3161.0,question
0,0,1,0,0,0,2,2024.11.18startup_a,3307.0,question
0,0,0,0,0,0,1,2024.11.18startup_a,3642.5,other/diffuse
1,0,0,0,0,0,1,2024.11.18startup_a,3840.0,handoff
1,0,1,0,0,0,2,2024.11.18startup_a,4309.5,handoff
1,1,1,1,0,0,2,2024.11.18startup_a,4933.0,handoff
1,0,1,1,0,0,2,2024.11.18startup_a,5116.0,handoff
0,0,0,0,0,0,2,2024.11.18startup_a,5139.75,other/diffuse
1,0,1,1,0,1,3,2024.11.18startup_b,181.0,handoff
1,0,1,0,0,1,4,2024.11.18startup_b,193.5,handoff
1,0,1,0,0,0,1,2024.11.18startup_b,214.0,handoff
0,0,1,0,0,0,2,2024.11.18startup_b,279.0,question
1,0,1,1,0,1,3,2024.11.18startup_b,816.0,handoff
1,0,1,1,0,1,3,2024.11.18startup_b,1648.5,handoff
0,0,0,0,0,0,2,2024.11.18startup_b,1950.5,other/diffuse
1,0,1,0,0,1,3,2024.11.18startup_b,2037.0,handoff
1,0,0,0,0,0,2,2024.11.18startup_b,2546.0,handoff
0,1,0,1,0,0,3,2024.11.18startup_b,2616.7272727272725,new_voice
0,0,0,1,0,1,4,2024.11.18startup_b,2720.5,new_voice
0,0,1,0,0,0,2,2024.11.18startup_b,3005.5,question
0,0,0,0,0,0,2,2024.11.18startup_b,3587.0,other/diffuse
0,0,1,1,0,0,2,2024.11.18startup_b,4054.5,new_voice
1,0,1,0,0,0,1,2024.11.18startup_b,4067.0,handoff
1,1,1,0,0,1,3,2024.11.18startup_b,5257.5,handoff
1,1,1,0,0,1,4,2024.12.02startup_b,1339.0,handoff
1,0,1,0,0,1,4,2024.12.02startup_b,1913.5,handoff
1,0,0,0,0,1,3,2024.12.02startup_b,2922.0,handoff
0,0,1,1,0,1,4,2024.12.02startup_b,2953.0,new_voice
1,0,1,1,0,1,4,2024.12.02startup_b,4406.0,handoff
0,0,1,0,0,0,2,2024.12.02startup_b,4720.0,question
0,0,1,1,0,0,2,2024.12.02startup_b,4973.5,new_voice
1,0,1,1,0,0,2,2024.12.09startup_a,729.0,handoff
0,0,0,0,0,0,2,2024.12.09startup_a,922.5,other/diffuse
0,1,0,0,0,1,3,2024.12.09startup_a,987.0,opening
1,0,1,1,0,1,3,2024.12.09startup_a,1388.5,handoff
1,0,0,0,0,1,3,2024.12.09startup_a,1506.8333333333333,handoff
0,0,1,1,0,0,2,2024.12.09startup_a,1675.0,new_voice
0,1,0,0,0,0,2,2024.12.09startup_a,2861.0,opening
1,1,1,1,0,1,3,2024.12.09startup_a,3336.0,handoff
1,0,1,0,0,1,3,2024.12.09startup_a,3407.0,handoff
0,0,1,1,0,0,2,2024.12.09startup_a,3987.0,new_voice
0,0,1,0,0,0,1,2024.12.09startup_a,4117.0,question
0,0,1,1,0,1,4,2024.12.09startup_a,4164.875,new_voice
0,0,1,1,0,1,3,2024.12.09startup_a,5056.5,new_voice
1,1,0,1,1,1,3,2024.12.13startup_a,836.3684210526316,handoff
1,0,1,0,0,1,3,2024.12.13startup_a,1418.0,handoff
1,0,0,1,0,0,2,2024.12.13startup_a,1722.5,handoff
1,1,0,0,0,0,1,2024.12.13startup_a,2986.0,handoff
1,0,1,0,0,0,2,2024.12.13startup_a,3054.0,handoff
0,0,0,1,0,0,2,2024.12.13startup_a,3329.2727272727275,new_voice
1,0,0,0,0,0,0,2024.12.13startup_a,3589.0,handoff
0,0,0,0,0,0,2,2024.12.13startup_a,3647.6,other/diffuse
1,0,1,0,0,0,2,2024.12.16startup_b,245.5,handoff
1,0,1,0,0,0,2,2024.12.16startup_b,533.0,handoff
0,1,0,0,0,1,3,2024.12.16startup_b,2186.5,opening
1,0,1,1,0,0,2,2024.12.16startup_b,2234.0,handoff
1,0,0,0,0,0,1,2024.12.16startup_b,2772.6666666666665,handoff
1,1,1,1,0,1,3,2024.12.16startup_b,2877.0,handoff
1,1,1,0,0,1,3,2024.12.16startup_b,3052.0,handoff
0,0,1,0,0,1,3,2024.12.16startup_b,3351.0,question
1,0,0,0,0,0,2,2024.12.16startup_b,3420.0,handoff
1,0,0,1,0,1,3,2024.12.16startup_b,3580.0,handoff
0,0,1,0,0,0,2,2024.12.16startup_b,3707.0,question
0,0,1,0,0,0,1,2024.12.16startup_b,3935.0,question
1,0,1,0,0,1,4,2024.12.16startup_b,4962.0,handoff
1,1,0,0,0,0,2,2024.12.16startup_b,5223.5,handoff
1,1,0,0,0,0,2,2024.12.23startup_a,90.0,handoff
1,0,1,1,0,1,3,2024.12.23startup_a,126.5,handoff
0,0,0,0,0,0,0,2024.12.23startup_a,154.0,other/diffuse
0,0,0,0,0,0,0,2024.12.23startup_a,234.0,other/diffuse
1,0,1,1,0,0,2,2024.12.23startup_a,1693.0,handoff
0,1,1,0,0,0,1,2024.12.23startup_a,2014.5,question
1,0,0,1,0,0,2,2024.12.23startup_a,2051.125,handoff
1,1,0,0,0,0,2,2024.12.23startup_a,3335.0,handoff
0,0,1,0,1,1,3,2024.12.23startup_a,3352.866666666667,question
0,0,1,1,0,1,3,2024.12.23startup_a,3496.060606060606,new_voice
1,0,0,0,0,0,2,2024.12.23startup_a,3560.5,handoff
1,0,0,1,0,0,2,2024.12.23startup_a,3948.0,handoff
1,0,0,0,0,1,3,2024.12.23startup_a,3985.5714285714284,handoff
0,0,1,0,0,0,1,2024.12.23startup_a,4603.5,question
1,0,1,1,0,0,2,2024.12.23startup_b,68.0,handoff
0,0,1,0,0,0,2,2024.12.23startup_b,155.0,question
0,0,1,0,0,0,1,2024.12.23startup_b,407.0,question
1,0,1,0,0,0,2,2024.12.23startup_b,636.5,handoff
1,0,1,0,0,0,2,2024.12.23startup_b,1385.5,handoff
1,0,0,0,0,0,2,2024.12.23startup_b,1408.0833333333333,handoff
1,0,1,0,0,0,2,2024.12.23startup_b,1442.0,handoff
0,0,0,1,0,1,3,2024.12.23startup_b,2214.0,new_voice
1,0,1,0,0,1,3,2024.12.23startup_b,2851.5,handoff
0,0,0,0,0,0,1,2024.12.23startup_b,4417.5,other/diffuse
1,0,1,0,0,0,2,2024.12.23startup_b,4476.666666666667,handoff
1,0,1,0,0,0,3,2024.12.23startup_b,4655.0,handoff
1,1,1,0,0,1,3,2024.12.23startup_b,4783.5,handoff
1,0,1,0,0,0,2,2024.12.23startup_b,4979.0,handoff
1,1,0,1,0,0,2,2024.12.23startup_b,5329.5,handoff
1,0,0,0,0,1,3,2024.12.23startup_b,5458.0,handoff
1,0,0,1,0,1,3,2025.01.06startup_a,84.5,handoff
1,0,1,0,0,0,2,2025.01.06startup_a,462.4,handoff
1,0,1,0,0,0,2,2025.01.06startup_a,617.7777777777778,handoff
0,0,0,0,0,0,0,2025.01.06startup_a,1882.0,other/diffuse
0,0,1,0,0,0,2,2025.01.06startup_a,2090.0,question
1,0,0,0,0,1,3,2025.01.06startup_a,2234.5,handoff
0,0,1,0,0,0,1,2025.01.06startup_a,2909.5,question
1,0,1,0,0,0,2,2025.01.06startup_a,3657.0,handoff
1,0,1,0,0,0,2,2025.01.06startup_a,4164.0,handoff
1,1,1,0,0,1,3,2025.01.06startup_a,4197.777777777777,handoff
1,0,1,0,0,1,3,2025.01.06startup_a,4230.0,handoff
0,0,0,0,0,0,2,2025.01.06startup_a,4440.0,other/diffuse
0,0,1,0,0,0,2,2025.01.06startup_a,5065.0,question
1,0,1,0,0,0,2,2025.01.06startup_a,5415.0,handoff
1,0,0,0,0,1,3,2025.01.06startup_b,548.0,handoff
1,0,1,0,0,0,2,2025.01.06startup_b,576.0,handoff
0,0,0,0,0,0,0,2025.01.06startup_b,1675.5,other/diffuse
0,0,0,0,0,0,1,2025.01.06startup_b,2182.0,other/diffuse
1,0,0,0,0,0,1,2025.01.06startup_b,2397.5,handoff
1,0,0,0,0,0,1,2025.01.06startup_b,3113.0,handoff
1,0,1,0,0,0,2,2025.01.06startup_b,3257.6176470588234,handoff
1,0,0,0,0,1,3,2025.01.06startup_b,3287.0,handoff
1,1,1,1,0,1,3,2025.01.06startup_b,3883.5,handoff
1,0,0,0,0,0,2,2025.01.06startup_b,4810.0,handoff
0,0,1,0,0,0,2,2025.01.06startup_b,4831.0,question
0,0,0,0,0,0,0,2025.01.06startup_b,5502.5,other/diffuse
0,0,0,0,0,0,2,2025.01.06startup_b,5603.0,other/diffuse
1,0,1,1,0,0,2,2025.01.13startup_a,536.5,handoff
1,0,1,1,0,1,3,2025.01.13startup_a,1666.0,handoff
0,0,1,0,0,0,2,2025.01.13startup_a,1680.5,question
0,0,1,1,0,1,3,2025.01.13startup_a,1883.0,new_voice
1,1,1,1,0,1,3,2025.01.13startup_a,2171.5,handoff
0,0,0,1,0,0,2,2025.01.13startup_a,2366.0975609756097,new_voice
1,0,1,0,0,0,2,2025.01.13startup_a,2412.0,handoff
0,0,1,1,0,1,3,2025.01.13startup_a,2538.0,new_voice
0,0,1,0,0,0,2,2025.01.13startup_a,2695.5,question
1,0,1,0,0,0,1,2025.01.13startup_a,2892.5,handoff
0,0,1,0,0,0,0,2025.01.13startup_a,3054.5,question
1,0,0,0,0,0,1,2025.01.13startup_a,3165.5,handoff
0,1,1,0,0,0,2,2025.01.13startup_a,3184.0,question
0,0,0,0,0,0,2,2025.01.13startup_a,3417.0,other/diffuse
1,0,1,0,0,0,2,2025.01.13startup_a,3447.5,handoff
1,0,1,0,0,0,2,2025.01.13startup_a,3784.0,handoff
1,0,1,1,0,1,3,2025.01.13startup_a,4585.0,handoff
1,0,1,0,0,0,2,2025.01.13startup_a,4965.0,handoff
0,0,0,0,0,0,2,2025.01.13startup_a,5164.5,other/diffuse
0,1,0,0,0,0,0,2025.01.13startup_b,115.0,opening
1,0,1,0,0,0,2,2025.01.13startup_b,181.0,handoff
1,1,1,1,0,0,2,2025.01.13startup_b,385.5,handoff
1,0,1,0,0,1,3,2025.01.13startup_b,631.3333333333334,handoff
1,0,1,0,0,0,2,2025.01.13startup_b,659.5,handoff
1,0,0,0,0,1,3,2025.01.13startup_b,1124.0,handoff
1,0,1,1,0,1,4,2025.01.13startup_b,1918.0,handoff
0,0,1,0,0,0,2,2025.01.13startup_b,3659.0,question
0,1,0,0,0,0,2,2025.01.13startup_b,4045.0,opening
0,0,0,0,0,0,2,2025.01.13startup_b,4441.0,other/diffuse
0,0,1,0,0,1,3,2025.01.13startup_b,4634.5,question
0,0,0,0,0,0,1,2025.02.10startup_b,150.0,other/diffuse
1,0,1,0,0,1,3,2025.02.10startup_b,236.0,handoff
0,0,1,0,0,0,2,2025.02.10startup_b,637.0,question
0,0,1,1,0,1,3,2025.02.10startup_b,3209.0,new_voice
1,1,1,0,0,1,3,2025.02.10startup_b,3300.0,handoff
0,0,1,0,0,0,1,2025.02.10startup_b,3357.0,question
1,1,1,1,0,1,3,2025.02.10startup_b,3512.0,handoff
0,0,0,1,0,0,1,2025.02.10startup_b,4626.5,new_voice
0,0,0,0,0,0,2,2025.02.10startup_b,4763.0,other/diffuse
1,0,1,0,0,0,2,2025.02.10startup_b,5156.5,handoff
1,0,1,0,0,0,2,2025.02.24startup_a,99.0,handoff
1,1,0,0,0,1,3,2025.02.24startup_a,116.5,handoff
0,0,1,1,0,1,3,2025.02.24startup_a,145.1,new_voice
0,0,1,1,0,0,3,2025.02.24startup_a,781.0,new_voice
1,0,1,1,0,0,2,2025.02.24startup_a,1507.5,handoff
1,0,1,0,0,0,2,2025.02.24startup_a,1551.5,handoff
0,0,0,0,0,1,3,2025.02.24startup_a,1699.5,roundrobin
1,0,1,0,0,0,2,2025.02.24startup_a,2299.5,handoff
1,1,0,1,0,1,4,2025.02.24startup_a,2439.0,handoff
1,0,1,1,0,1,3,2025.02.24startup_a,3150.0,handoff
1,0,1,0,0,0,3,2025.02.24startup_a,3330.5,handoff
1,0,1,0,0,0,2,2025.02.24startup_a,3726.0,handoff
0,0,1,0,0,0,2,2025.02.24startup_a,3770.0,question
1,0,1,1,0,0,2,2025.02.24startup_a,3916.5,handoff
1,0,1,0,0,0,2,2025.02.24startup_a,3961.0,handoff
1,0,1,0,0,0,2,2025.02.24startup_a,4113.0,handoff
1,1,1,0,0,1,3,2025.02.24startup_b,73.5,handoff
1,0,1,1,0,0,2,2025.02.24startup_b,255.0,handoff
1,0,1,1,0,1,3,2025.02.24startup_b,794.5,handoff
1,0,1,1,0,0,2,2025.02.24startup_b,1791.0,handoff
0,0,0,0,0,0,2,2025.02.24startup_b,2529.0,other/diffuse
1,0,1,1,0,1,3,2025.02.24startup_b,2757.0,handoff
0,0,1,0,0,0,2,2025.02.24startup_b,3127.0,question
1,0,0,0,0,0,2,2025.02.24startup_b,4420.0,handoff
0,0,1,0,0,0,1,2025.02.24startup_b,4502.0,question
1,1,1,1,0,0,2,2025.03.02startup_a,208.0,handoff
1,0,0,0,0,0,1,2025.03.02startup_a,350.0,handoff
1,1,1,0,0,0,2,2025.03.02startup_a,606.5,handoff
0,1,1,0,0,0,2,2025.03.02startup_a,856.5,question
0,0,1,1,0,0,2,2025.03.02startup_a,1778.0,new_voice
0,0,1,0,0,0,2,2025.03.02startup_a,1798.5,question
1,0,1,0,0,0,1,2025.03.02startup_a,1866.0,handoff
1,0,1,0,0,0,0,2025.03.02startup_a,2580.0,handoff
1,0,0,0,0,0,2,2025.03.02startup_a,2797.0,handoff
0,0,1,0,0,0,2,2025.03.02startup_a,4427.0,question
1,0,1,0,0,0,2,2025.03.02startup_a,4899.0,handoff
0,0,1,0,0,0,1,2025.03.02startup_a,4954.0,question
1,0,1,0,0,0,2,2025.03.02startup_a,5018.0,handoff
1,0,0,0,0,1,3,2025.03.02startup_a,5141.5,handoff
0,0,0,0,0,0,2,2025.03.17startup_a,162.5,other/diffuse
1,0,0,0,0,0,1,2025.03.17startup_a,598.0,handoff
1,0,1,0,0,0,2,2025.03.17startup_a,1611.5,handoff
1,0,1,1,0,1,3,2025.03.17startup_a,1658.4074074074074,handoff
0,0,1,0,0,0,2,2025.03.17startup_a,3173.0,question
1,0,0,0,0,0,2,2025.03.17startup_a,3559.5,handoff
0,1,0,0,0,0,2,2025.03.17startup_a,3662.9375,opening
1,0,1,0,0,0,2,2025.03.17startup_a,4710.0,handoff
1,1,1,0,0,0,2,2025.03.17startup_a,4727.5,handoff
1,0,1,1,0,1,3,2025.03.17startup_b,3233.0,handoff
1,0,1,0,1,1,4,2025.03.17startup_b,3505.5,handoff
1,0,1,0,0,0,2,2025.03.17startup_b,4025.777777777778,handoff
1,1,1,1,0,1,4,2025.03.17startup_b,4445.0,handoff
1,0,1,1,0,1,3,2025.03.17startup_b,4643.0,handoff
0,0,1,0,0,0,2,2025.03.17startup_b,5107.0,question
1,0,1,1,0,1,3,2025.03.17startup_b,5316.5,handoff
1,1,1,0,0,1,3,2025.03.17startup_b,5485.75,handoff
1,0,1,0,0,1,3,2025.03.17startup_b,5515.0,handoff
1,1,1,1,1,1,4,2025.03.24startup_b,187.76,handoff
0,0,0,0,0,1,3,2025.03.24startup_b,270.5,roundrobin
1,0,0,0,0,0,1,2025.03.24startup_b,373.0,handoff
0,0,1,0,0,0,1,2025.03.24startup_b,476.5,question
1,0,0,0,0,0,2,2025.03.24startup_b,610.5,handoff
1,0,1,0,0,0,1,2025.03.24startup_b,774.0,handoff
1,1,1,0,0,1,3,2025.03.24startup_b,1284.0,handoff
1,0,0,0,0,0,2,2025.03.24startup_b,1591.0,handoff
1,1,1,0,0,0,2,2025.03.24startup_b,1810.0,handoff
1,0,0,0,0,0,3,2025.03.24startup_b,2635.0,handoff
0,1,1,0,0,1,3,2025.03.24startup_b,2784.0,question
1,0,1,0,0,1,3,2025.03.24startup_b,2805.25,handoff
1,0,0,0,0,0,0,2025.03.24startup_b,2903.0,handoff
0,0,0,0,0,0,0,2025.03.24startup_b,3320.0,other/diffuse
1,0,0,1,0,0,2,2025.03.24startup_b,4541.5,handoff
1,0,0,0,0,0,3,2025.03.24startup_b,5067.0,handoff
0,1,1,1,0,1,3,2025.03.24startup_b,5206.5,new_voice
0,0,0,0,0,0,0,2025.03.25startup_a,235.5,other/diffuse
1,0,1,1,0,1,4,2025.03.25startup_a,311.4375,handoff
0,0,0,1,0,1,3,2025.03.25startup_a,419.0,new_voice
0,0,0,0,0,0,0,2025.03.25startup_a,492.5,other/diffuse
0,0,1,0,0,0,3,2025.03.25startup_a,1942.5,question
1,0,1,0,0,0,2,2025.03.25startup_a,2563.5,handoff
0,0,0,0,0,0,0,2025.03.25startup_a,2852.0,other/diffuse
1,0,1,0,0,0,1,2025.03.25startup_a,3376.0,handoff
1,0,1,0,0,0,2,2025.03.25startup_a,3499.0,handoff
0,0,1,0,0,0,1,2025.03.25startup_a,3620.5,question
1,1,1,0,1,1,3,2025.03.25startup_a,3656.1875,handoff
1,1,0,0,0,0,2,2025.03.25startup_a,3841.1111111111113,handoff
1,0,0,0,0,0,2,2025.03.25startup_a,3875.0,handoff
0,0,1,0,0,0,1,2025.03.25startup_a,3893.0,question
1,0,1,0,0,0,2,2025.03.25startup_a,4266.0,handoff
0,0,0,0,0,0,0,2025.03.31startup_a,286.0,other/diffuse
0,1,1,0,0,0,1,2025.03.31startup_a,384.0,question
0,0,0,0,0,0,2,2025.03.31startup_a,428.1666666666667,other/diffuse
1,0,1,0,0,0,2,2025.03.31startup_a,471.5,handoff
1,0,1,0,0,0,2,2025.03.31startup_a,526.5,handoff
1,0,0,0,0,0,1,2025.03.31startup_a,648.5,handoff
0,0,1,0,0,0,2,2025.03.31startup_a,1421.5,question
0,0,0,0,0,0,2,2025.03.31startup_a,3456.0,other/diffuse
1,1,1,1,0,0,2,2025.03.31startup_a,3534.5,handoff
1,1,1,1,0,0,2,2025.03.31startup_a,3978.0,handoff
1,0,0,0,0,0,2,2025.03.31startup_a,4062.5,handoff
0,0,0,0,0,0,0,2025.03.31startup_a,4705.0,other/diffuse
0,0,1,0,0,0,2,2025.03.31startup_a,4858.0,question
1,1,1,0,0,0,2,2025.03.31startup_a,5052.5,handoff
1,1,1,1,0,1,3,2025.03.31startup_b,64.0,handoff
0,1,0,0,0,0,1,2025.03.31startup_b,285.0,opening
0,1,1,0,0,0,2,2025.03.31startup_b,443.0,question
0,0,0,0,0,0,2,2025.03.31startup_b,472.5,other/diffuse
1,0,1,0,0,0,2,2025.03.31startup_b,689.0,handoff
1,0,1,0,0,0,2,2025.03.31startup_b,741.5,handoff
1,0,1,1,0,1,4,2025.03.31startup_b,786.0,handoff
0,0,0,0,0,0,1,2025.03.31startup_b,1043.5,other/diffuse
1,0,1,0,0,0,1,2025.03.31startup_b,1095.5,handoff
0,0,1,0,0,0,2,2025.03.31startup_b,1205.0,question
0,0,0,0,0,0,2,2025.03.31startup_b,1236.5,other/diffuse
1,0,0,0,0,0,2,2025.03.31startup_b,1425.0,handoff
0,0,1,0,0,0,1,2025.03.31startup_b,1698.5,question
1,0,1,1,0,0,2,2025.03.31startup_b,1788.0,handoff
0,0,0,0,0,0,2,2025.03.31startup_b,2031.0,other/diffuse
0,1,1,0,0,0,2,2025.03.31startup_b,2425.0,question
0,0,1,0,0,0,2,2025.03.31startup_b,2442.0,question
1,0,0,0,0,0,2,2025.03.31startup_b,2458.285714285714,handoff
0,0,0,0,1,0,2,2025.03.31startup_b,2483.0,convergence
0,0,1,0,0,0,2,2025.03.31startup_b,2515.0,question
0,0,0,0,0,0,2,2025.03.31startup_b,4614.0,other/diffuse
0,0,0,0,0,0,1,2025.03.31startup_b,5254.0,other/diffuse
1,1,0,0,0,0,2,2025.03.31startup_b,5326.5,handoff
1,0,1,0,0,0,2,2025.03.31startup_b,5345.0,handoff
1,0,0,0,0,0,2,2025.03.31startup_b,5379.5,handoff
0,1,1,0,0,0,1,2025.03.31startup_b,5731.0,question
0,1,1,0,0,0,2,2025.03.31startup_b,5755.0,question
0,0,1,0,0,0,2,2025.03.31startup_b,5941.0,question
0,0,1,0,0,0,1,2025.03.31startup_b,6109.0,question
1,0,1,0,0,1,3,2025.03.31startup_b,6205.0,handoff
0,1,0,0,0,0,1,2025.04.07startup_a,278.5,opening
0,0,1,1,0,1,3,2025.04.07startup_a,320.0,new_voice
1,0,1,0,0,0,2,2025.04.07startup_a,598.0,handoff
1,0,1,0,0,0,2,2025.04.07startup_a,620.5,handoff
1,0,1,0,0,0,1,2025.04.07startup_a,1191.0,handoff
1,1,1,0,0,1,3,2025.04.07startup_a,1747.5,handoff
0,0,0,0,0,1,3,2025.04.07startup_a,1782.5,roundrobin
0,0,1,0,0,0,2,2025.04.07startup_a,2246.0,question
1,1,0,1,0,0,2,2025.04.07startup_a,2533.5,handoff
0,0,1,0,0,0,2,2025.04.07startup_a,2994.0,question
1,0,0,0,0,0,2,2025.04.07startup_a,3019.0,handoff
0,0,0,0,0,0,1,2025.04.07startup_a,3494.0,other/diffuse
1,1,0,0,0,0,2,2025.04.07startup_a,3680.25,handoff
0,0,1,0,0,0,2,2025.04.07startup_a,3785.0,question
1,0,0,0,0,0,2,2025.04.07startup_a,3833.0,handoff
1,0,0,0,0,0,1,2025.04.07startup_a,3974.0,handoff
0,0,1,0,0,0,2,2025.04.07startup_a,5083.0,question
0,0,1,0,0,0,2,2025.04.07startup_b,99.0,question
0,0,0,0,0,0,0,2025.04.07startup_b,1342.0,other/diffuse
1,0,1,0,0,0,2,2025.04.07startup_b,2174.0,handoff
1,0,0,0,0,1,3,2025.04.07startup_b,3328.0,handoff
1,0,1,1,0,1,4,2025.04.07startup_b,3965.5,handoff
0,0,0,0,0,0,1,2025.04.07startup_b,4152.0,other/diffuse
0,1,0,0,0,0,2,2025.04.07startup_b,4363.5,opening
0,1,1,0,0,0,2,2025.04.07startup_b,4751.0,question
1,0,1,0,0,0,2,2025.04.07startup_b,4865.0,handoff
0,0,0,0,0,0,1,2025.04.07startup_b,4918.0,other/diffuse
0,1,1,1,0,1,3,2025.04.07startup_b,5029.428571428572,new_voice
1,0,1,0,0,0,2,2025.04.07startup_b,5331.0,handoff
0,1,0,0,0,0,1,2025.04.07startup_b,5380.0,opening
0,0,0,0,0,0,0,2025.04.07startup_b,6035.0,other/diffuse
0,0,0,0,0,0,2,2025.04.07startup_b,6308.0,other/diffuse
0,0,1,0,0,0,2,2025.04.14startup_a,417.5,question
1,0,1,0,0,0,2,2025.04.14startup_a,506.14285714285717,handoff
0,0,0,0,0,0,0,2025.04.14startup_a,585.5,other/diffuse
0,0,0,0,0,0,1,2025.04.14startup_a,679.5,other/diffuse
0,0,0,0,0,0,2,2025.04.14startup_a,2188.0,other/diffuse
1,1,0,1,0,0,3,2025.04.14startup_a,2244.0,handoff
1,0,0,0,0,0,2,2025.04.14startup_a,3121.0,handoff
1,0,1,1,0,0,2,2025.04.14startup_a,3561.0,handoff
1,0,0,0,0,0,2,2025.04.14startup_a,3617.0,handoff
0,0,1,0,0,1,3,2025.04.14startup_a,4389.5,question
1,0,1,1,0,0,2,2025.04.14startup_a,4696.0,handoff
0,0,1,0,0,0,2,2025.04.14startup_a,4846.0,question
1,0,1,0,0,0,2,2025.04.14startup_a,5046.0,handoff
1,0,1,0,0,0,1,2025.04.14startup_a,5208.0,handoff
0,0,1,0,0,0,2,2025.04.14startup_a,5416.0,question
1,0,1,0,0,1,3,2025.04.14startup_a,5630.5,handoff
1,1,0,0,0,0,2,2025.04.14startup_b,730.5,handoff
0,0,1,0,0,0,2,2025.04.14startup_b,779.0,question
1,0,1,1,0,1,3,2025.04.14startup_b,1164.0,handoff
1,0,1,0,0,1,3,2025.04.14startup_b,1193.5,handoff
0,0,1,0,0,0,2,2025.04.14startup_b,2409.0,question
1,0,0,1,0,0,2,2025.04.14startup_b,2572.5,handoff
1,0,1,0,0,0,2,2025.04.14startup_b,2699.0,handoff
0,0,0,0,0,0,1,2025.04.14startup_b,2760.0,other/diffuse
1,0,1,0,0,1,3,2025.04.14startup_b,3317.5555555555557,handoff
0,0,0,0,0,0,2,2025.04.14startup_b,3833.0,other/diffuse
0,1,0,1,0,1,4,2025.04.14startup_b,3986.5,new_voice
