mid,member,talk_words,talk_share
2024.10.14startup_a,A3,502,0.04561562925942753
2024.10.14startup_a,A2,1579,0.14348023625624717
2024.10.14startup_a,A1,2225,0.20218082689686506
2024.10.14startup_a,FACILITATOR,6699,0.6087233075874603
2024.10.14startup_b,FACILITATOR,5653,0.4457850327261257
2024.10.14startup_b,B3,2378,0.18752464316694267
2024.10.14startup_b,B1,3307,0.26078384985411246
2024.10.14startup_b,DEVICE,1343,0.10590647425281918
2024.10.25startup_a,FACILITATOR,4876,0.41879240745512325
2024.10.25startup_a,A2,2351,0.20192390277419908
2024.10.25startup_a,A3,1459,0.12531134587305678
2024.10.25startup_a,A1,2957,0.2539723438976209
2024.10.28startup_b,B3,1410,0.1171193620732619
2024.10.28startup_b,B2,2323,0.1929562256001329
2024.10.28startup_b,B1,5257,0.43666417476534597
2024.10.28startup_b,FACILITATOR,3049,0.25326023756125926
2024.11.04startup_a,FACILITATOR,5762,0.5105892778023926
2024.11.04startup_a,A1,3575,0.31679220203810365
2024.11.04startup_a,A2,1369,0.12131147540983607
2024.11.04startup_a,A3,579,0.0513070447496677
2024.11.04startup_b,FACILITATOR,3392,0.3282051282051282
2024.11.04startup_b,B1,4667,0.45157232704402517
2024.11.04startup_b,B3,1025,0.09917755200774069
2024.11.04startup_b,B2,1251,0.12104499274310596
2024.11.11startup_a,FACILITATOR,4307,0.42588747157124496
2024.11.11startup_a,A1,3269,0.3232473054484327
2024.11.11startup_a,A2,1750,0.17304459606447148
2024.11.11startup_a,A3,787,0.07782062691585089
2024.11.11startup_b,FACILITATOR,4878,0.37796373779637377
2024.11.11startup_b,B1,4013,0.31094064776073144
2024.11.11startup_b,B3,1986,0.15388191538819154
2024.11.11startup_b,B2,2029,0.15721369905470323
2024.11.18startup_a,FACILITATOR,4468,0.4098330581544671
2024.11.18startup_a,A3,278,0.025499908273711246
2024.11.18startup_a,A2,1924,0.17648137956338286
2024.11.18startup_a,A1,4232,0.3881856540084388
2024.11.18startup_b,FACILITATOR,3496,0.29532015543166074
2024.11.18startup_b,B3,2233,0.18862983612096637
2024.11.18startup_b,B1,4454,0.3762459874978882
2024.11.18startup_b,DEVICE,1655,0.13980402094948471
2024.12.02startup_b,DEVICE,2765,0.2742511406466971
2024.12.02startup_b,B1,2586,0.2564967268399127
2024.12.02startup_b,B3,1088,0.10791509621106923
2024.12.02startup_b,FACILITATOR,3643,0.36133703630232095
2024.12.09startup_a,A1,5495,0.47436118784530384
2024.12.09startup_a,A3,1587,0.1369993093922652
2024.12.09startup_a,A2,1213,0.10471339779005524
2024.12.09startup_a,FACILITATOR,3289,0.2839261049723757
2024.12.13startup_a,FACILITATOR,5055,0.4794195751138088
2024.12.13startup_a,A2,2534,0.24032625189681336
2024.12.13startup_a,A3,2955,0.2802541729893778
2024.12.16startup_b,FACILITATOR,3812,0.31230542356218255
2024.12.16startup_b,B1,4186,0.3429460920858594
2024.12.16startup_b,B3,1289,0.10560380140914305
2024.12.16startup_b,DEVICE,2919,0.23914468294281502
2024.12.23startup_a,A3,1156,0.11444411444411444
2024.12.23startup_a,A1,3636,0.35996435996435994
2024.12.23startup_a,A2,1952,0.19324819324819326
2024.12.23startup_a,FACILITATOR,3357,0.33234333234333235
2024.12.23startup_b,FACILITATOR,5072,0.4510048017072737
2024.12.23startup_b,B3,1591,0.14147252356393383
2024.12.23startup_b,B1,2172,0.19313533700871421
2024.12.23startup_b,B2,2411,0.21438733772007826
2025.01.06startup_a,A2,3025,0.22303325223033252
2025.01.06startup_a,A1,5163,0.3806679938066799
2025.01.06startup_a,FACILITATOR,5375,0.3962987539629875
2025.01.06startup_b,FACILITATOR,4797,0.3711986380871315
2025.01.06startup_b,B1,6594,0.5102530372204597
2025.01.06startup_b,DEVICE,1532,0.11854832469240888
2025.01.13startup_a,FACILITATOR,5817,0.5107111501316944
2025.01.13startup_a,A2,2064,0.18121158911325724
2025.01.13startup_a,A3,738,0.06479367866549605
2025.01.13startup_a,A1,2771,0.24328358208955222
2025.01.13startup_b,FACILITATOR,6932,0.526827785377717
2025.01.13startup_b,B3,540,0.04103967168262654
2025.01.13startup_b,B1,3013,0.22898616811065511
2025.01.13startup_b,DEVICE,2673,0.20314637482900136
2025.02.10startup_b,FACILITATOR,5086,0.48809980806142034
2025.02.10startup_b,B3,1536,0.1474088291746641
2025.02.10startup_b,DEVICE,3798,0.3644913627639155
2025.02.24startup_a,A2,2188,0.22395087001023542
2025.02.24startup_a,A1,2116,0.2165813715455476
2025.02.24startup_a,A3,537,0.05496417604912999
2025.02.24startup_a,FACILITATOR,4929,0.504503582395087
2025.02.24startup_b,B1,1565,0.14138585238052218
2025.02.24startup_b,FACILITATOR,6334,0.5722287469509441
2025.02.24startup_b,B3,602,0.05438612340771524
2025.02.24startup_b,B2,2568,0.2319992772608185
2025.03.02startup_a,FACILITATOR,4098,0.4182059393815695
2025.03.02startup_a,A2,2386,0.24349423410552098
2025.03.02startup_a,A3,642,0.06551688947851822
2025.03.02startup_a,A1,2673,0.27278293703439127
2025.03.17startup_a,FACILITATOR,5695,0.5032252363700628
2025.03.17startup_a,A1,4566,0.4034638154988071
2025.03.17startup_a,A2,791,0.06989484845807192
2025.03.17startup_a,A3,265,0.02341609967305823
2025.03.17startup_b,FACILITATOR,8527,0.5721666778500973
2025.03.17startup_b,B1,2422,0.16251761390324096
2025.03.17startup_b,B3,353,0.023686506072602833
2025.03.17startup_b,B2,3601,0.24162920217405892
2025.03.24startup_b,B2,2021,0.2207295762341634
2025.03.24startup_b,B3,634,0.06924421144604631
2025.03.24startup_b,B1,2024,0.22105723023154217
2025.03.24startup_b,FACILITATOR,4477,0.4889689820882481
2025.03.25startup_a,A2,804,0.07827102803738317
2025.03.25startup_a,A3,181,0.017620716510903425
2025.03.25startup_a,A1,4034,0.3927180685358255
2025.03.25startup_a,FACILITATOR,5253,0.5113901869158879
2025.03.31startup_a,FACILITATOR,3904,0.41047208495426346
2025.03.31startup_a,A2,1097,0.11534013247818316
2025.03.31startup_a,A3,341,0.03585322258437599
2025.03.31startup_a,A1,4169,0.4383345599831774
2025.03.31startup_b,FACILITATOR,7651,0.5522592752995524
2025.03.31startup_b,B3,245,0.0176844232712574
2025.03.31startup_b,DEVICE,1774,0.12804966074779847
2025.03.31startup_b,B1,4184,0.30200664068139166
2025.04.07startup_a,FACILITATOR,6426,0.48479818936250474
2025.04.07startup_a,A1,2595,0.19577517917766882
2025.04.07startup_a,A2,4234,0.31942663145982647
2025.04.07startup_b,FACILITATOR,5660,0.42336749195900963
2025.04.07startup_b,B2,2100,0.1570798115042262
2025.04.07startup_b,B1,3557,0.26606328072406316
2025.04.07startup_b,B3,2052,0.15348941581270104
2025.04.14startup_a,FACILITATOR,7603,0.6017411950929956
2025.04.14startup_a,A2,2681,0.21218836565096952
2025.04.14startup_a,A3,2351,0.18607043925603484
2025.04.14startup_b,B1,3839,0.3094221004271782
2025.04.14startup_b,B3,1370,0.11042153622954784
2025.04.14startup_b,DEVICE,678,0.05464657048440397
2025.04.14startup_b,FACILITATOR,6520,0.52550979285887
